motif_id	motif_alt_id	sequence_name	start	stop	strand	score	p-value	q-value	matched_sequence
GACAGCAGAU	STREME-1	ENSMUSG00000022602|transcript	473	482	+	16.8197	1.52e-06	0.134	CACAGCAGAT
UCAUGGAUU	STREME-2	ENSMUSG00000040936|transcript	2907	2915	+	16.7986	5.68e-06	0.392	TCATGGATT
GACAGCAGAU	STREME-1	ENSMUSG00000056296|transcript	1281	1290	+	14.2377	9.21e-06	0.268	GAAAGCAGTT
GACAGCAGAU	STREME-1	ENSMUSG00000027624|transcript	137	146	+	14.1885	1.04e-05	0.268	GAAAGCATAT
UCAUGGAUU	STREME-2	ENSMUSG00000037572|transcript	26	34	+	14.446	1.32e-05	0.392	TCATTGATT
UCAUGGAUU	STREME-2	ENSMUSG00000028718|transcript	3503	3511	+	14.446	1.32e-05	0.392	TCATTGATT
GACAGCAGAU	STREME-1	ENSMUSG00000029504|transcript	2643	2652	+	12.0902	1.51e-05	0.268	GAAAGCATTT
CAAAAUCC	STREME-2	ENSMUSG00000027624|transcript	678	685	+	14.9939	1.52e-05	0.451	CAAAATCC
CAAAAUCC	STREME-2	ENSMUSG00000040473|transcript	1100	1107	+	14.9939	1.52e-05	0.451	CAAAATCC
GACAGCAGAU	STREME-1	ENSMUSG00000019850|transcript	667	676	+	11.6967	1.82e-05	0.268	GACAGCAGAA
GACAGCAGAU	STREME-1	ENSMUSG00000040936|transcript	2468	2477	+	11.6967	1.82e-05	0.268	GACAGCAGAA
AUCAUAUG	STREME-3	ENSMUSG00000032372|transcript	71	78	+	14.777	2.31e-05	1	ATCATATG
GACAGCAGAU	STREME-1	ENSMUSG00000040936|transcript	92	101	+	11.2623	3.54e-05	0.39	GACAGAAGAT
GACAGCAGAU	STREME-1	ENSMUSG00000037544|transcript	1523	1532	+	11.2623	3.54e-05	0.39	GACAGAAGAT
CUAAUGAACC	STREME-3	ENSMUSG00000030406|transcript	91	100	+	9.36869	3.67e-05	0.991	CGAAGGAACC
CCAUGCC	STREME-5	ENSMUSG00000030443|transcript	115	121	+	13.3197	3.92e-05	0.285	CCATGCC
CCAUGCC	STREME-5	ENSMUSG00000029151|transcript	123	129	+	13.3197	3.92e-05	0.285	CCATGCC
CCAUGCC	STREME-5	ENSMUSG00000020591|transcript	268	274	+	13.3197	3.92e-05	0.285	CCATGCC
CCAUGCC	STREME-5	ENSMUSG00000037544|transcript	291	297	+	13.3197	3.92e-05	0.285	CCATGCC
CCAUGCC	STREME-5	ENSMUSG00000002799|transcript	764	770	+	13.3197	3.92e-05	0.285	CCATGCC
CCAUGCC	STREME-5	ENSMUSG00000020387|transcript	954	960	+	13.3197	3.92e-05	0.285	CCATGCC
CCAUGCC	STREME-5	ENSMUSG00000029442|transcript	1151	1157	+	13.3197	3.92e-05	0.285	CCATGCC
CCAUGCC	STREME-5	ENSMUSG00000032782|transcript	1243	1249	+	13.3197	3.92e-05	0.285	CCATGCC
CCAUGCC	STREME-5	ENSMUSG00000033491|transcript	1383	1389	+	13.3197	3.92e-05	0.285	CCATGCC
CCAUGCC	STREME-5	ENSMUSG00000056296|transcript	1881	1887	+	13.3197	3.92e-05	0.285	CCATGCC
CCAUGCC	STREME-5	ENSMUSG00000029468|transcript	2803	2809	+	13.3197	3.92e-05	0.285	CCATGCC
CCAUGCC	STREME-5	ENSMUSG00000046380|transcript	3133	3139	+	13.3197	3.92e-05	0.285	CCATGCC
UGAGGCC	STREME-2	ENSMUSG00000062031|transcript	86	92	+	13.9918	4.07e-05	0.237	TGAGGCC
UGAGGCC	STREME-2	ENSMUSG00000032782|transcript	299	305	+	13.9918	4.07e-05	0.237	TGAGGCC
UGAGGCC	STREME-2	ENSMUSG00000028476|transcript	374	380	+	13.9918	4.07e-05	0.237	TGAGGCC
UGAGGCC	STREME-2	ENSMUSG00000010044|transcript	467	473	+	13.9918	4.07e-05	0.237	TGAGGCC
UGAGGCC	STREME-2	ENSMUSG00000062031|transcript	800	806	+	13.9918	4.07e-05	0.237	TGAGGCC
UGAGGCC	STREME-2	ENSMUSG00000029468|transcript	861	867	+	13.9918	4.07e-05	0.237	TGAGGCC
UGAGGCC	STREME-2	ENSMUSG00000001870|transcript	1139	1145	+	13.9918	4.07e-05	0.237	TGAGGCC
UGAGGCC	STREME-2	ENSMUSG00000040936|transcript	1155	1161	+	13.9918	4.07e-05	0.237	TGAGGCC
UGAGGCC	STREME-2	ENSMUSG00000020387|transcript	1291	1297	+	13.9918	4.07e-05	0.237	TGAGGCC
UGAGGCC	STREME-2	ENSMUSG00000046380|transcript	1628	1634	+	13.9918	4.07e-05	0.237	TGAGGCC
UGAGGCC	STREME-2	ENSMUSG00000032782|transcript	2118	2124	+	13.9918	4.07e-05	0.237	TGAGGCC
UGAGGCC	STREME-2	ENSMUSG00000046380|transcript	2475	2481	+	13.9918	4.07e-05	0.237	TGAGGCC
UGAGGCC	STREME-2	ENSMUSG00000029468|transcript	2726	2732	+	13.9918	4.07e-05	0.237	TGAGGCC
UGAGGCC	STREME-2	ENSMUSG00000046380|transcript	3071	3077	+	13.9918	4.07e-05	0.237	TGAGGCC
UGAGGCC	STREME-2	ENSMUSG00000020387|transcript	3518	3524	+	13.9918	4.07e-05	0.237	TGAGGCC
GACAGCAGAU	STREME-1	ENSMUSG00000040473|transcript	1353	1362	+	9.72131	4.31e-05	0.423	GACAGCATGT
GACAGCAGAU	STREME-1	ENSMUSG00000036533|transcript	71	80	+	9.61475	5.11e-05	0.426	CACAGCTGAT
CAAAAUCC	STREME-2	ENSMUSG00000029151|transcript	110	117	+	10.2012	5.19e-05	0.451	CAAAAGCC
CAAAAUCC	STREME-2	ENSMUSG00000001870|transcript	199	206	+	10.2012	5.19e-05	0.451	CAAAAACC
CAAAAUCC	STREME-2	ENSMUSG00000022602|transcript	385	392	+	10.2012	5.19e-05	0.451	CAAAACCC
CAAAAUCC	STREME-2	ENSMUSG00000002799|transcript	390	397	+	10.2012	5.19e-05	0.451	CAAAAGCC
CAAAAUCC	STREME-2	ENSMUSG00000026875|transcript	599	606	+	10.2012	5.19e-05	0.451	CAAAAGCC
CAAAAUCC	STREME-2	ENSMUSG00000030406|transcript	1206	1213	+	10.2012	5.19e-05	0.451	CAAAAACC
CAAAAUCC	STREME-2	ENSMUSG00000022602|transcript	1459	1466	+	10.2012	5.19e-05	0.451	CAAAAGCC
CAAAAUCC	STREME-2	ENSMUSG00000027624|transcript	1690	1697	+	10.2012	5.19e-05	0.451	CAAAAGCC
GACAGCAGAU	STREME-1	ENSMUSG00000040936|transcript	3059	3068	+	9.59836	5.32e-05	0.426	GACAGCAGTC
UCAUGGAUU	STREME-2	ENSMUSG00000053647|transcript	167	175	+	10.0935	6.78e-05	0.671	TCATGGATG
UCAUGGAUU	STREME-2	ENSMUSG00000062031|transcript	254	262	+	10.0935	6.78e-05	0.671	TCAAGGATT
UCAUGGAUU	STREME-2	ENSMUSG00000002930|transcript	448	456	+	10.0935	6.78e-05	0.671	TCATGGACT
UCAUGGAUU	STREME-2	ENSMUSG00000040936|transcript	1029	1037	+	10.0935	6.78e-05	0.671	TCATGGAGT
UCAUGGAUU	STREME-2	ENSMUSG00000028718|transcript	2631	2639	+	10.0935	6.78e-05	0.671	GCATGGATT
UCAUGGAUU	STREME-2	ENSMUSG00000046380|transcript	2819	2827	+	10.0935	6.78e-05	0.671	TCATGGATG
ACCUAAA	STREME-1	ENSMUSG00000103092|transcript	221	227	+	13.0246	6.99e-05	1	ACCTAAA
ACCUAAA	STREME-1	ENSMUSG00000040473|transcript	558	564	+	13.0246	6.99e-05	1	ACCTAAA
ACCUAAA	STREME-1	ENSMUSG00000026875|transcript	695	701	+	13.0246	6.99e-05	1	ACCTAAA
ACCUAAA	STREME-1	ENSMUSG00000028718|transcript	3054	3060	+	13.0246	6.99e-05	1	ACCTAAA
UGACAAA	STREME-5	ENSMUSG00000029442|transcript	81	87	+	12.9329	7.12e-05	1	TGACAAA
UGACAAA	STREME-5	ENSMUSG00000014361|transcript	286	292	+	12.9329	7.12e-05	1	TGACAAA
UGACAAA	STREME-5	ENSMUSG00000036777|transcript	297	303	+	12.9329	7.12e-05	1	TGACAAA
UGACAAA	STREME-5	ENSMUSG00000053475|transcript	357	363	+	12.9329	7.12e-05	1	TGACAAA
UGACAAA	STREME-5	ENSMUSG00000036634|transcript	525	531	+	12.9329	7.12e-05	1	TGACAAA
UGACAAA	STREME-5	ENSMUSG00000022969|transcript	2204	2210	+	12.9329	7.12e-05	1	TGACAAA
GACAGCAGAU	STREME-1	ENSMUSG00000019850|transcript	320	329	+	9.45082	7.27e-05	0.427	GGCAGCAGTT
GACAGCAGAU	STREME-1	ENSMUSG00000103092|transcript	688	697	+	9.45082	7.27e-05	0.427	GCCAGCAGTT
GACAGCAGAU	STREME-1	ENSMUSG00000068874|transcript	1025	1034	+	9.45082	7.27e-05	0.427	GACTGCAGTT
GACAGCAGAU	STREME-1	ENSMUSG00000037544|transcript	1603	1612	+	9.45082	7.27e-05	0.427	GAAAGCAGGT
UGAGGCC	STREME-2	ENSMUSG00000030310|transcript	281	287	+	12.5492	7.4e-05	0.381	TGCGGCC
UGAGGCC	STREME-2	ENSMUSG00000019850|transcript	1535	1541	+	12.5492	7.4e-05	0.381	TGCGGCC
GACAGCAGAU	STREME-1	ENSMUSG00000027360|transcript	153	162	+	9.36066	8.61e-05	0.446	CACAACAGAT
CCAUGCC	STREME-5	ENSMUSG00000030310|transcript	114	120	+	11.7295	8.71e-05	0.33	CCATGAC
CCAUGCC	STREME-5	ENSMUSG00000019850|transcript	163	169	+	11.7295	8.71e-05	0.33	CCATGAC
CCAUGCC	STREME-5	ENSMUSG00000028476|transcript	438	444	+	11.7295	8.71e-05	0.33	CCATGAC
CCAUGCC	STREME-5	ENSMUSG00000037544|transcript	708	714	+	11.7295	8.71e-05	0.33	CCATGAC
CCAUGCC	STREME-5	ENSMUSG00000029468|transcript	733	739	+	11.7295	8.71e-05	0.33	CCATGAC
CCAUGCC	STREME-5	ENSMUSG00000030406|transcript	763	769	+	11.7295	8.71e-05	0.33	CCATGAC
CCAUGCC	STREME-5	ENSMUSG00000056296|transcript	823	829	+	11.7295	8.71e-05	0.33	CCATGAC
CCAUGCC	STREME-5	ENSMUSG00000022602|transcript	1465	1471	+	11.7295	8.71e-05	0.33	CCATGAC
CCAUGCC	STREME-5	ENSMUSG00000046380|transcript	2439	2445	+	11.7295	8.71e-05	0.33	CCATGAC
CCAUGCC	STREME-5	ENSMUSG00000028718|transcript	2912	2918	+	11.7295	8.71e-05	0.33	CCATGAC
CCAUGCC	STREME-5	ENSMUSG00000040936|transcript	3165	3171	+	11.7295	8.71e-05	0.33	CCATGAC
CUAAUGAACC	STREME-3	ENSMUSG00000056296|transcript	839	848	+	9.22727	8.95e-05	0.991	CCAATGACCC
CUAAUGAACC	STREME-3	ENSMUSG00000028718|transcript	1658	1667	+	9.22727	8.95e-05	0.991	CAAGTGAACC
CUAAUGAACC	STREME-3	ENSMUSG00000029468|transcript	1668	1677	+	9.22727	8.95e-05	0.991	CACATGAACC
CUAAUGAACC	STREME-3	ENSMUSG00000028718|transcript	1832	1841	+	9.22727	8.95e-05	0.991	CTAAGGAGCC
CUAAUGAACC	STREME-3	ENSMUSG00000020387|transcript	2029	2038	+	9.22727	8.95e-05	0.991	CCAGTGAACC
CUAAUGAACC	STREME-3	ENSMUSG00000020387|transcript	3073	3082	+	9.22727	8.95e-05	0.991	CTAACGTACC
CUAAUGAACC	STREME-3	ENSMUSG00000020387|transcript	4092	4101	+	9.22727	8.95e-05	0.991	CTAAGGAGCC
GACAGCAGAU	STREME-1	ENSMUSG00000019850|transcript	569	578	+	9.27869	9.1e-05	0.446	GAAAGCAGAC
GACAGCAGAU	STREME-1	ENSMUSG00000026875|transcript	1479	1488	+	9.27869	9.1e-05	0.446	GAAAGCAGAC

# FIMO (Find Individual Motif Occurrences): Version 5.5.8 compiled on May 16 2025 at 08:48:58
# The format of this file is described at http://localhost:8080/meme_5.5.8/doc/fimo-output-format.html#tsv_results.
# fimo --verbosity 1 --oc /out --max-stored-scores 500000 --norc /motifs/motifs_deduplicated.meme /seqs/arc_vs_no_infect_scramble_sig_enrich_3pSeqs.fasta
