Query_ID	Target_ID	Optimal_offset	p-value	E-value	q-value	Overlap	Query_consensus	Target_consensus	Orientation
UUUUUUUUUUU	CISBP_M00754_2.00_1	-6	1.36521e-05	0.00817758	0.00734146	5	UUUUUUUUUUU	UUUUU	+
UUUUUUUUUUU	CISBP_M17090_2.00_1	0	5.49221e-05	0.0328983	0.0142911	7	UUUUUUUUUUU	UUUUUUU	+
UUUUUUUUUUU	CISBP_M00254_2.00_1	-1	7.97263e-05	0.047756	0.0142911	7	UUUUUUUUUUU	UUUUUUU	+
UUUUUUUUUUU	CISBP_M00779_2.00_1	-6	0.000199725	0.119635	0.022375	5	UUUUUUUUUUU	UUUUU	+
UUUUUUUUUUU	CISBP_M00527_2.00_1	0	0.000223115	0.133646	0.022375	9	UUUUUUUUUUU	UUUUAUUUU	+
UUUUUUUUUUU	CISBP_M00735_2.00_1	-6	0.000274732	0.164565	0.022375	5	UUUUUUUUUUU	UUUUU	+
UUUUUUUUUUU	CISBP_M00415_2.00_1	0	0.000291257	0.174463	0.022375	7	UUUUUUUUUUU	UUUUUUU	+
UUUUUUUUUUU	CISBP_M00736_2.00_1	0	0.000424091	0.25403	0.023877	5	UUUUUUUUUUU	UUUUU	+
UUUUUUUUUUU	CISBP_M00720_2.00_1	-6	0.000486855	0.291626	0.023877	5	UUUUUUUUUUU	UUAUU	+
UUUUUUUUUUU	CISBP_M00825_2.00_1	0	0.000486855	0.291626	0.023877	5	UUUUUUUUUUU	UUUUU	+
UUUUUUUUUUU	CISBP_M00053_2.00_1	-2	0.000515608	0.308849	0.023877	7	UUUUUUUUUUU	UUAUUUU	+
UUUUUUUUUUU	CISBP_M00435_2.00_1	0	0.000565136	0.338517	0.023877	7	UUUUUUUUUUU	UUUUUUG	+
UUUUUUUUUUU	CISBP_M00171_2.00_1	0	0.000618875	0.370706	0.023877	7	UUUUUUUUUUU	CUUUUUU	+
UUUUUUUUUUU	CISBP_M00528_2.00_1	-1	0.000621618	0.372349	0.023877	9	UUUUUUUUUUU	UUUUAUUUU	+
UUUUUUUUUUU	CISBP_M17091_2.00_1	-1	0.00083154	0.498093	0.0268535	8	UUUUUUUUUUU	UUUAGUUU	+
UUUUUUUUUUU	CISBP_M17135_2.00_1	-1	0.00083154	0.498093	0.0268535	8	UUUUUUUUUUU	UUUAGUUU	+
UUUUUUUUUUU	CISBP_M17100_2.00_1	-1	0.000896555	0.537036	0.0268535	8	UUUUUUUUUUU	UUUAUUUU	+
UUUUUUUUUUU	CISBP_M00134_2.00_1	-1	0.000962374	0.576462	0.0268535	7	UUUUUUUUUUU	UUUGUUU	+
UUUUUUUUUUU	CISBP_M00178_2.00_1	-5	0.000962374	0.576462	0.0268535	6	UUUUUUUUUUU	UUUUUUC	+
UUUUUUUUUUU	CISBP_M00130_2.00_1	-1	0.00104866	0.628148	0.0268535	7	UUUUUUUUUUU	UUUGUUU	+
UUUUUUUUUUU	CISBP_M00317_2.00_1	-5	0.00104866	0.628148	0.0268535	6	UUUUUUUUUUU	UUUUUUA	+
UUUUUUUUUUU	CISBP_M00712_2.00_1	0	0.00127385	0.763039	0.0290185	5	UUUUUUUUUUU	UUUUU	+
UUUUUUUUUUU	CISBP_M00580_2.00_1	-1	0.0012948	0.775585	0.0290185	10	UUUUUUUUUUU	UUUAUGGUUU	+
UUUUUUUUUUU	CISBP_M17175_2.00_1	-1	0.00129509	0.775761	0.0290185	8	UUUUUUUUUUU	UUUAUUUU	+
UUUUUUUUUUU	CISBP_M00100_2.00_1	0	0.00159381	0.954691	0.0303851	7	UUUUUUUUUUU	UUUUUUC	+
UUUUUUUUUUU	CISBP_M00172_2.00_1	0	0.00159381	0.954691	0.0303851	7	UUUUUUUUUUU	UUUUUUG	+
UUUUUUUUUUU	CISBP_M00526_2.00_1	4	0.00165224	0.98969	0.0303851	10	UUUUUUUUUUU	AUCCUUUUUUUUCG	+
UUUUUUUUUUU	CISBP_M00787_2.00_1	0	0.001699	1.0177	0.0303851	9	UUUUUUUUUUU	UUUUUUUUU	+
UUUUUUUUUUU	CISBP_M17123_2.00_1	-4	0.00172123	1.03102	0.0303851	7	UUUUUUUUUUU	CUUUUUUA	+
UUUUUUUUUUU	CISBP_M00827_2.00_1	0	0.00172928	1.03584	0.0303851	7	UUUUUUUUUUU	UUUUAUU	+
UUUUUUUUUUU	CISBP_M17214_2.00_1	-4	0.00184578	1.10562	0.0303851	7	UUUUUUUUUUU	AUUUUUUG	+
UUUUUUUUUUU	CISBP_M00097_2.00_1	0	0.00203109	1.21662	0.0303851	7	UUUUUUUUUUU	UUUUUUG	+
UUUUUUUUUUU	CISBP_M00223_2.00_1	-4	0.00203109	1.21662	0.0303851	7	UUUUUUUUUUU	AUUUUUU	+
UUUUUUUUUUU	CISBP_M17128_2.00_1	-4	0.00211958	1.26963	0.0303851	7	UUUUUUUUUUU	CUUUUUUG	+
UUUUUUUUUUU	CISBP_M17148_2.00_1	1	0.00211958	1.26963	0.0303851	7	UUUUUUUUUUU	AUUUUUUG	+
UUUUUUUUUUU	CISBP_M17212_2.00_1	1	0.00211958	1.26963	0.0303851	7	UUUUUUUUUUU	AUUUUUUG	+
UUUUUUUUUUU	CISBP_M00782_2.00_1	0	0.00226982	1.35962	0.0303851	8	UUUUUUUUUUU	UUUUAUUU	+
UUUUUUUUUUU	CISBP_M17185_2.00_1	-4	0.00226982	1.35962	0.0303851	7	UUUUUUUUUUU	CUUUUUUG	+
UUUUUUUUUUU	CISBP_M00307_2.00_1	0	0.00237862	1.42479	0.0303851	7	UUUUUUUUUUU	UUUUUCU	+
UUUUUUUUUUU	CISBP_M17110_2.00_1	0	0.00242965	1.45536	0.0303851	8	UUUUUUUUUUU	CUUUUUUG	+
UUUUUUUUUUU	CISBP_M17173_2.00_1	0	0.00242965	1.45536	0.0303851	8	UUUUUUUUUUU	CUUUUUUG	+
UUUUUUUUUUU	CISBP_M17174_2.00_1	0	0.00242965	1.45536	0.0303851	8	UUUUUUUUUUU	CUUUUUUG	+
UUUUUUUUUUU	CISBP_M17198_2.00_1	-4	0.00242965	1.45536	0.0303851	7	UUUUUUUUUUU	CUUUUUUG	+
UUUUUUUUUUU	CISBP_M00582_2.00_1	0	0.00261365	1.56558	0.0317368	10	UUUUUUUUUUU	UUUUAUUUUG	+
UUUUUUUUUUU	CISBP_M00728_2.00_1	-5	0.00265578	1.59081	0.0317368	5	UUUUUUUUUUU	UUUAU	+
UUUUUUUUUUU	CISBP_M00433_2.00_1	0	0.0027783	1.6642	0.0324793	7	UUUUUUUUUUU	UUUUUCC	+
UUUUUUUUUUU	CISBP_M00608_2.00_1	-1	0.00292734	1.75347	0.0329217	10	UUUUUUUUUUU	UUUGUUUAUU	+
UUUUUUUUUUU	CISBP_M00434_2.00_1	0	0.00297241	1.78047	0.0329217	8	UUUUUUUUUUU	CUUUUUUC	+
UUUUUUUUUUU	CISBP_M00047_2.00_1	1	0.00299981	1.79689	0.0329217	6	UUUUUUUUUUU	AUUUUUU	+
UUUUUUUUUUU	CISBP_M17147_2.00_1	-5	0.00317643	1.90268	0.0334738	6	UUUUUUUUUUU	UUUUUUCC	+
UUUUUUUUUUU	CISBP_M00180_2.00_1	-5	0.00323686	1.93888	0.0334738	6	UUUUUUUUUUU	AUUUUUU	+
UUUUUUUUUUU	CISBP_M00437_2.00_1	-5	0.00323686	1.93888	0.0334738	6	UUUUUUUUUUU	UUUUUUG	+
UUUUUUUUUUU	CISBP_M00707_2.00_1	-1	0.00435903	2.61106	0.0442281	7	UUUUUUUUUUU	UUUGUUU	+
UUUUUUUUUUU	CISBP_M00099_2.00_1	0	0.00468884	2.80862	0.0450259	7	UUUUUUUUUUU	UUUUUUC	+
UUUUUUUUUUU	CISBP_M00146_2.00_1	-1	0.00468884	2.80862	0.0450259	7	UUUUUUUUUUU	UUUGGUU	+
UUUUUUUUUUU	CISBP_M00034_2.00_1	2	0.00468884	2.80862	0.0450259	5	UUUUUUUUUUU	CUUUUUU	+
UUUUUUUUUUU	CISBP_M00149_2.00_1	-1	0.00504121	3.01968	0.0475602	7	UUUUUUUUUUU	UUGGUUU	+
MCACMCMCASMC	CISBP_M00658_2.00_1	0	9.58609e-05	0.0574207	0.0166029	11	ACACACCCACAC	UCACGUGCACA	+
MCACMCMCASMC	CISBP_M00745_2.00_1	-1	9.77414e-05	0.0585471	0.0166029	5	ACACACCCACAC	CACGC	+
MCACMCMCASMC	CISBP_M17119_2.00_1	-2	0.000134397	0.0805037	0.0166029	7	ACACACCCACAC	ACACACA	+
MCACMCMCASMC	CISBP_M00660_2.00_1	0	0.000146461	0.0877299	0.0166029	11	ACACACCCACAC	UCACGUGCACA	+
MCACMCMCASMC	CISBP_M17104_2.00_1	-2	0.00014672	0.0878853	0.0166029	7	ACACACCCACAC	ACACACA	+
MCACMCMCASMC	CISBP_M00191_2.00_1	-2	0.000267139	0.160016	0.0251914	7	ACACACCCACAC	ACACACA	+
SCCYRSCYSSC	CISBP_M00065_2.00_1	-1	0.00014482	0.0867472	0.0485623	7	CCCUGCCUGCC	CCUUCCC	+
SCCYRSCYSSC	CISBP_M00766_2.00_1	0	0.000164365	0.0984546	0.0485623	9	CCCUGCCUGCC	CCCCACCCC	+
GCCAYGACC	CISBP_M00562_2.00_1	0	2.87152e-05	0.0172004	0.0170551	9	GCCAUGACC	GCCAUGAUCAUGAU	+

# Tomtom (Motif Comparison Tool): Version 5.5.8 compiled on May 16 2025 at 08:52:16
# The format of this file is described at http://localhost:8080/meme_5.5.8/doc/tomtom-output-format.html.
# tomtom -no-ssc -dist ed -thresh 0.05 --norc -oc /out /q/motifs_deduplicated.meme /db/cisbp_rna_db.meme
