motif_ID	motif_ALT_ID	seq_ID	site_Start	site_End	site_Strand	site_Score	site_Sequence
1-GACAGCAGAU	STREME-1	ENSMUSG00000049791|transcript:ENSMUST00000058755|strand:+	1191	1200	.	17.73	GACAGCAGAU
1-GACAGCAGAU	STREME-1	ENSMUSG00000034379|transcript:ENSMUST00000042203|strand:+	599	608	.	16.22	GACAGCAUAU
1-GACAGCAGAU	STREME-1	ENSMUSG00000029580|transcript:ENSMUST00000100497|strand:-	211	220	.	15.60	GACAGCAGUU
1-GACAGCAGAU	STREME-1	ENSMUSG00000023963|transcript:ENSMUST00000170988|strand:+	979	988	.	15.28	CACAGCAGAU
1-GACAGCAGAU	STREME-1	ENSMUSG00000031133|transcript:ENSMUST00000033468|strand:-	1043	1052	.	15.26	GAAAGCAGAU
#
2-UCAUGGAUU	STREME-2	ENSMUSG00000049791|transcript:ENSMUST00000058755|strand:+	1700	1708	.	17.18	UCAUGGAUU
2-UCAUGGAUU	STREME-2	ENSMUSG00000023963|transcript:ENSMUST00000170988|strand:+	102	110	.	17.18	UCAUGGAUU
2-UCAUGGAUU	STREME-2	ENSMUSG00000031133|transcript:ENSMUST00000033468|strand:-	701	709	.	17.18	UCAUGGAUU
2-UCAUGGAUU	STREME-2	ENSMUSG00000030725|transcript:ENSMUST00000032967|strand:+	747	755	.	15.49	UCAUUGAUU
#
3-CUAAUGAACC	STREME-3	ENSMUSG00000034379|transcript:ENSMUST00000042203|strand:+	1220	1229	.	19.48	CUAAUGAACC
3-CUAAUGAACC	STREME-3	ENSMUSG00000049791|transcript:ENSMUST00000058755|strand:+	1296	1305	.	19.48	CUAAUGAACC
#
4-CAAAAUCC	STREME-4	ENSMUSG00000034379|transcript:ENSMUST00000042203|strand:+	38	45	.	14.64	CAAAAUCC
4-CAAAAUCC	STREME-4	ENSMUSG00000049791|transcript:ENSMUST00000058755|strand:+	545	552	.	14.64	CAAAAUCC
4-CAAAAUCC	STREME-4	ENSMUSG00000023963|transcript:ENSMUST00000170988|strand:+	1038	1045	.	14.64	CAAAAUCC
4-CAAAAUCC	STREME-4	ENSMUSG00000032567|transcript:ENSMUST00000189758|strand:+	367	374	.	14.64	CAAAAUCC
#
5-AUCAUAUG	STREME-5	ENSMUSG00000034379|transcript:ENSMUST00000042203|strand:+	645	652	.	15.63	AUCAUAUG
5-AUCAUAUG	STREME-5	ENSMUSG00000031133|transcript:ENSMUST00000033468|strand:-	369	376	.	15.63	AUCAUAUG
5-AUCAUAUG	STREME-5	ENSMUSG00000032567|transcript:ENSMUST00000189758|strand:+	326	333	.	15.63	AUCAUAUG
5-AUCAUAUG	STREME-5	ENSMUSG00000049791|transcript:ENSMUST00000058755|strand:+	3156	3163	.	14.41	AUCAUAUC
