image_id,bin,actin_n,arc_n,total_puncta,actin_assoc_n,arc_assoc_n,total_assoc_puncta,pair_count,coassoc_freq
1hrCLTPBIP_001_d1.tif_d1_localizations.csv,whole_image,8,11,19,0,0,0,0,0.0
1hrCLTPBIP_001_d1.tif_d1_localizations.csv,0_30,8,9,17,0,0,0,0,0.0
1hrCLTPBIP_001_d1.tif_d1_localizations.csv,30_60,0,2,2,0,0,0,0,0.0
1hrCLTPBIP_001_d1.tif_d1_localizations.csv,60_90,0,0,0,0,0,0,0,0.0
1hrCLTPBIP_001_d1.tif_d1_localizations.csv,90_120,0,0,0,0,0,0,0,0.0
1hrCLTPBIP_001_d2.tif_d1_localizations.csv,whole_image,67,10,77,0,0,0,0,0.0
1hrCLTPBIP_001_d2.tif_d1_localizations.csv,0_30,58,6,64,0,0,0,0,0.0
1hrCLTPBIP_001_d2.tif_d1_localizations.csv,30_60,9,4,13,0,0,0,0,0.0
1hrCLTPBIP_001_d2.tif_d1_localizations.csv,60_90,0,0,0,0,0,0,0,0.0
1hrCLTPBIP_001_d2.tif_d1_localizations.csv,90_120,0,0,0,0,0,0,0,0.0
1hrCLTPBIP_002_d1.tif_d1_localizations.csv,whole_image,35,6,41,0,0,0,0,0.0
1hrCLTPBIP_002_d1.tif_d1_localizations.csv,0_30,19,5,24,0,0,0,0,0.0
1hrCLTPBIP_002_d1.tif_d1_localizations.csv,30_60,15,1,16,0,0,0,0,0.0
1hrCLTPBIP_002_d1.tif_d1_localizations.csv,60_90,1,0,1,0,0,0,0,0.0
1hrCLTPBIP_002_d1.tif_d1_localizations.csv,90_120,0,0,0,0,0,0,0,0.0
1hrCLTPBIP_002_d2.tif_d1_localizations.csv,whole_image,33,12,45,1,1,2,1,0.044444444444444446
1hrCLTPBIP_002_d2.tif_d1_localizations.csv,0_30,20,5,25,1,1,2,1,0.08
1hrCLTPBIP_002_d2.tif_d1_localizations.csv,30_60,4,6,10,0,0,0,0,0.0
1hrCLTPBIP_002_d2.tif_d1_localizations.csv,60_90,9,1,10,0,0,0,0,0.0
1hrCLTPBIP_002_d2.tif_d1_localizations.csv,90_120,0,0,0,0,0,0,0,0.0
1hrCLTPBIP_003_d1.tif_d1_localizations.csv,whole_image,20,13,33,1,1,2,1,0.06060606060606061
1hrCLTPBIP_003_d1.tif_d1_localizations.csv,0_30,20,13,33,1,1,2,1,0.06060606060606061
1hrCLTPBIP_003_d1.tif_d1_localizations.csv,30_60,0,0,0,0,0,0,0,0.0
1hrCLTPBIP_003_d1.tif_d1_localizations.csv,60_90,0,0,0,0,0,0,0,0.0
1hrCLTPBIP_003_d1.tif_d1_localizations.csv,90_120,0,0,0,0,0,0,0,0.0
1hrCLTPBIP_003_d2.tif_d1_localizations.csv,whole_image,48,41,89,4,4,8,4,0.0898876404494382
1hrCLTPBIP_003_d2.tif_d1_localizations.csv,0_30,25,22,47,3,3,6,3,0.1276595744680851
1hrCLTPBIP_003_d2.tif_d1_localizations.csv,30_60,14,14,28,0,0,0,0,0.0
1hrCLTPBIP_003_d2.tif_d1_localizations.csv,60_90,5,2,7,0,0,0,0,0.0
1hrCLTPBIP_003_d2.tif_d1_localizations.csv,90_120,3,2,5,1,1,2,1,0.4
1hrCLTPBIP_005_d1.tif_d1_localizations.csv,whole_image,17,2,19,0,0,0,0,0.0
1hrCLTPBIP_005_d1.tif_d1_localizations.csv,0_30,15,2,17,0,0,0,0,0.0
1hrCLTPBIP_005_d1.tif_d1_localizations.csv,30_60,2,0,2,0,0,0,0,0.0
1hrCLTPBIP_005_d1.tif_d1_localizations.csv,60_90,0,0,0,0,0,0,0,0.0
1hrCLTPBIP_005_d1.tif_d1_localizations.csv,90_120,0,0,0,0,0,0,0,0.0
1hrCLTPBIP_005_d2.tif_d1_localizations.csv,whole_image,19,7,26,1,1,2,1,0.07692307692307693
1hrCLTPBIP_005_d2.tif_d1_localizations.csv,0_30,14,7,21,1,1,2,1,0.09523809523809523
1hrCLTPBIP_005_d2.tif_d1_localizations.csv,30_60,5,0,5,0,0,0,0,0.0
1hrCLTPBIP_005_d2.tif_d1_localizations.csv,60_90,0,0,0,0,0,0,0,0.0
1hrCLTPBIP_005_d2.tif_d1_localizations.csv,90_120,0,0,0,0,0,0,0,0.0
1hrCLTPBIP_008_d1.tif_d1_localizations.csv,whole_image,31,12,43,5,5,10,5,0.23255813953488372
1hrCLTPBIP_008_d1.tif_d1_localizations.csv,0_30,14,7,21,1,1,2,1,0.09523809523809523
1hrCLTPBIP_008_d1.tif_d1_localizations.csv,30_60,6,2,8,2,2,4,2,0.5
1hrCLTPBIP_008_d1.tif_d1_localizations.csv,60_90,7,2,9,2,2,4,2,0.4444444444444444
1hrCLTPBIP_008_d1.tif_d1_localizations.csv,90_120,4,1,5,0,0,0,0,0.0
1hrCLTPBIP_008_d2.tif_d1_localizations.csv,whole_image,33,5,38,1,1,2,1,0.05263157894736842
1hrCLTPBIP_008_d2.tif_d1_localizations.csv,0_30,26,5,31,1,1,2,1,0.06451612903225806
1hrCLTPBIP_008_d2.tif_d1_localizations.csv,30_60,7,0,7,0,0,0,0,0.0
1hrCLTPBIP_008_d2.tif_d1_localizations.csv,60_90,0,0,0,0,0,0,0,0.0
1hrCLTPBIP_008_d2.tif_d1_localizations.csv,90_120,0,0,0,0,0,0,0,0.0
1hrCLTPBIP_008_d3.tif_d1_localizations.csv,whole_image,18,4,22,0,0,0,0,0.0
1hrCLTPBIP_008_d3.tif_d1_localizations.csv,0_30,11,3,14,0,0,0,0,0.0
1hrCLTPBIP_008_d3.tif_d1_localizations.csv,30_60,7,1,8,0,0,0,0,0.0
1hrCLTPBIP_008_d3.tif_d1_localizations.csv,60_90,0,0,0,0,0,0,0,0.0
1hrCLTPBIP_008_d3.tif_d1_localizations.csv,90_120,0,0,0,0,0,0,0,0.0
1hrCLTPBIP_010_d1.tif_d1_localizations.csv,whole_image,31,12,43,0,0,0,0,0.0
1hrCLTPBIP_010_d1.tif_d1_localizations.csv,0_30,24,9,33,0,0,0,0,0.0
1hrCLTPBIP_010_d1.tif_d1_localizations.csv,30_60,7,3,10,0,0,0,0,0.0
1hrCLTPBIP_010_d1.tif_d1_localizations.csv,60_90,0,0,0,0,0,0,0,0.0
1hrCLTPBIP_010_d1.tif_d1_localizations.csv,90_120,0,0,0,0,0,0,0,0.0
1hrCLTPBIP_010_d2.tif_d1_localizations.csv,whole_image,62,18,80,4,4,8,4,0.1
1hrCLTPBIP_010_d2.tif_d1_localizations.csv,0_30,34,16,50,2,2,4,2,0.08
1hrCLTPBIP_010_d2.tif_d1_localizations.csv,30_60,20,2,22,2,2,4,2,0.18181818181818182
1hrCLTPBIP_010_d2.tif_d1_localizations.csv,60_90,8,0,8,0,0,0,0,0.0
1hrCLTPBIP_010_d2.tif_d1_localizations.csv,90_120,0,0,0,0,0,0,0,0.0
1hrCLTPBIP_010_d3.tif_d1_localizations.csv,whole_image,54,17,71,0,0,0,0,0.0
1hrCLTPBIP_010_d3.tif_d1_localizations.csv,0_30,37,8,45,0,0,0,0,0.0
1hrCLTPBIP_010_d3.tif_d1_localizations.csv,30_60,16,8,24,0,0,0,0,0.0
1hrCLTPBIP_010_d3.tif_d1_localizations.csv,60_90,1,1,2,0,0,0,0,0.0
1hrCLTPBIP_010_d3.tif_d1_localizations.csv,90_120,0,0,0,0,0,0,0,0.0
1hrCLTPBIP_010_d4.tif_d1_localizations.csv,whole_image,36,6,42,0,0,0,0,0.0
1hrCLTPBIP_010_d4.tif_d1_localizations.csv,0_30,36,6,42,0,0,0,0,0.0
1hrCLTPBIP_010_d4.tif_d1_localizations.csv,30_60,0,0,0,0,0,0,0,0.0
1hrCLTPBIP_010_d4.tif_d1_localizations.csv,60_90,0,0,0,0,0,0,0,0.0
1hrCLTPBIP_010_d4.tif_d1_localizations.csv,90_120,0,0,0,0,0,0,0,0.0
1hrCLTPBIP_010_d5.tif_d1_localizations.csv,whole_image,91,34,125,3,3,6,3,0.048
1hrCLTPBIP_010_d5.tif_d1_localizations.csv,0_30,59,20,79,1,1,2,1,0.02531645569620253
1hrCLTPBIP_010_d5.tif_d1_localizations.csv,30_60,18,9,27,2,2,4,2,0.14814814814814814
1hrCLTPBIP_010_d5.tif_d1_localizations.csv,60_90,14,5,19,0,0,0,0,0.0
1hrCLTPBIP_010_d5.tif_d1_localizations.csv,90_120,0,0,0,0,0,0,0,0.0
1hrCLTPBIP_010_d6.tif_d1_localizations.csv,whole_image,51,9,60,1,1,2,1,0.03333333333333333
1hrCLTPBIP_010_d6.tif_d1_localizations.csv,0_30,40,8,48,1,1,2,1,0.041666666666666664
1hrCLTPBIP_010_d6.tif_d1_localizations.csv,30_60,10,1,11,0,0,0,0,0.0
1hrCLTPBIP_010_d6.tif_d1_localizations.csv,60_90,1,0,1,0,0,0,0,0.0
1hrCLTPBIP_010_d6.tif_d1_localizations.csv,90_120,0,0,0,0,0,0,0,0.0
1hrCLTPBIP_012_d1.tif_d1_localizations.csv,whole_image,8,9,17,1,1,2,1,0.11764705882352941
1hrCLTPBIP_012_d1.tif_d1_localizations.csv,0_30,2,6,8,0,0,0,0,0.0
1hrCLTPBIP_012_d1.tif_d1_localizations.csv,30_60,3,1,4,1,1,2,1,0.5
1hrCLTPBIP_012_d1.tif_d1_localizations.csv,60_90,3,2,5,0,0,0,0,0.0
1hrCLTPBIP_012_d1.tif_d1_localizations.csv,90_120,0,0,0,0,0,0,0,0.0
1hrCLTPBIP_012_d2.tif_d1_localizations.csv,whole_image,8,8,16,4,4,8,4,0.5
1hrCLTPBIP_012_d2.tif_d1_localizations.csv,0_30,5,4,9,2,2,4,2,0.4444444444444444
1hrCLTPBIP_012_d2.tif_d1_localizations.csv,30_60,2,2,4,1,1,2,1,0.5
1hrCLTPBIP_012_d2.tif_d1_localizations.csv,60_90,1,2,3,1,1,2,1,0.6666666666666666
1hrCLTPBIP_012_d2.tif_d1_localizations.csv,90_120,0,0,0,0,0,0,0,0.0
1hrCLTP_Tom20500_001_d1.tif_d1_localizations.csv,whole_image,18,8,26,0,0,0,0,0.0
1hrCLTP_Tom20500_001_d1.tif_d1_localizations.csv,0_30,1,3,4,0,0,0,0,0.0
1hrCLTP_Tom20500_001_d1.tif_d1_localizations.csv,30_60,1,5,6,0,0,0,0,0.0
1hrCLTP_Tom20500_001_d1.tif_d1_localizations.csv,60_90,14,0,14,0,0,0,0,0.0
1hrCLTP_Tom20500_001_d1.tif_d1_localizations.csv,90_120,2,0,2,0,0,0,0,0.0
1hrCLTP_Tom20500_002_d1.tif_d1_localizations.csv,whole_image,44,7,51,2,2,4,2,0.0784313725490196
1hrCLTP_Tom20500_002_d1.tif_d1_localizations.csv,0_30,34,6,40,2,2,4,2,0.1
1hrCLTP_Tom20500_002_d1.tif_d1_localizations.csv,30_60,4,0,4,0,0,0,0,0.0
1hrCLTP_Tom20500_002_d1.tif_d1_localizations.csv,60_90,6,1,7,0,0,0,0,0.0
1hrCLTP_Tom20500_002_d1.tif_d1_localizations.csv,90_120,0,0,0,0,0,0,0,0.0
1hrCLTP_Tom20500_002_d2.tif_d1_localizations.csv,whole_image,23,11,34,1,1,2,1,0.058823529411764705
1hrCLTP_Tom20500_002_d2.tif_d1_localizations.csv,0_30,19,11,30,1,1,2,1,0.06666666666666667
1hrCLTP_Tom20500_002_d2.tif_d1_localizations.csv,30_60,4,0,4,0,0,0,0,0.0
1hrCLTP_Tom20500_002_d2.tif_d1_localizations.csv,60_90,0,0,0,0,0,0,0,0.0
1hrCLTP_Tom20500_002_d2.tif_d1_localizations.csv,90_120,0,0,0,0,0,0,0,0.0
1hrCLTP_Tom20500_002_d3.tif_d1_localizations.csv,whole_image,10,4,14,1,1,2,1,0.14285714285714285
1hrCLTP_Tom20500_002_d3.tif_d1_localizations.csv,0_30,9,4,13,1,1,2,1,0.15384615384615385
1hrCLTP_Tom20500_002_d3.tif_d1_localizations.csv,30_60,1,0,1,0,0,0,0,0.0
1hrCLTP_Tom20500_002_d3.tif_d1_localizations.csv,60_90,0,0,0,0,0,0,0,0.0
1hrCLTP_Tom20500_002_d3.tif_d1_localizations.csv,90_120,0,0,0,0,0,0,0,0.0
1hrCLTP_Tom20500_003_d1.tif_d1_localizations.csv,whole_image,38,16,54,9,9,18,9,0.3333333333333333
1hrCLTP_Tom20500_003_d1.tif_d1_localizations.csv,0_30,30,15,45,8,8,16,8,0.35555555555555557
1hrCLTP_Tom20500_003_d1.tif_d1_localizations.csv,30_60,8,1,9,1,1,2,1,0.2222222222222222
1hrCLTP_Tom20500_003_d1.tif_d1_localizations.csv,60_90,0,0,0,0,0,0,0,0.0
1hrCLTP_Tom20500_003_d1.tif_d1_localizations.csv,90_120,0,0,0,0,0,0,0,0.0
1hrCLTP_Tom20500_003_d2.tif_d1_localizations.csv,whole_image,71,13,84,5,5,10,5,0.11904761904761904
1hrCLTP_Tom20500_003_d2.tif_d1_localizations.csv,0_30,52,12,64,5,5,10,5,0.15625
1hrCLTP_Tom20500_003_d2.tif_d1_localizations.csv,30_60,17,1,18,0,0,0,0,0.0
1hrCLTP_Tom20500_003_d2.tif_d1_localizations.csv,60_90,2,0,2,0,0,0,0,0.0
1hrCLTP_Tom20500_003_d2.tif_d1_localizations.csv,90_120,0,0,0,0,0,0,0,0.0
1hrCLTP_Tom20500_004_d1.tif_d1_localizations.csv,whole_image,28,12,40,11,11,22,11,0.55
1hrCLTP_Tom20500_004_d1.tif_d1_localizations.csv,0_30,26,12,38,11,11,22,11,0.5789473684210527
1hrCLTP_Tom20500_004_d1.tif_d1_localizations.csv,30_60,2,0,2,0,0,0,0,0.0
1hrCLTP_Tom20500_004_d1.tif_d1_localizations.csv,60_90,0,0,0,0,0,0,0,0.0
1hrCLTP_Tom20500_004_d1.tif_d1_localizations.csv,90_120,0,0,0,0,0,0,0,0.0
1hrCLTP_Tom20500_004_d2.tif_d1_localizations.csv,whole_image,4,2,6,0,0,0,0,0.0
1hrCLTP_Tom20500_004_d2.tif_d1_localizations.csv,0_30,2,0,2,0,0,0,0,0.0
1hrCLTP_Tom20500_004_d2.tif_d1_localizations.csv,30_60,2,2,4,0,0,0,0,0.0
1hrCLTP_Tom20500_004_d2.tif_d1_localizations.csv,60_90,0,0,0,0,0,0,0,0.0
1hrCLTP_Tom20500_004_d2.tif_d1_localizations.csv,90_120,0,0,0,0,0,0,0,0.0
1hrCLTP_Tom20500_005_d1.tif_d1_localizations.csv,whole_image,22,23,45,2,2,4,2,0.08888888888888889
1hrCLTP_Tom20500_005_d1.tif_d1_localizations.csv,0_30,19,20,39,2,2,4,2,0.10256410256410256
1hrCLTP_Tom20500_005_d1.tif_d1_localizations.csv,30_60,3,1,4,0,0,0,0,0.0
1hrCLTP_Tom20500_005_d1.tif_d1_localizations.csv,60_90,0,2,2,0,0,0,0,0.0
1hrCLTP_Tom20500_005_d1.tif_d1_localizations.csv,90_120,0,0,0,0,0,0,0,0.0
1hrCLTP_Tom20500_005_d2.tif_d1_localizations.csv,whole_image,13,1,14,0,0,0,0,0.0
1hrCLTP_Tom20500_005_d2.tif_d1_localizations.csv,0_30,3,1,4,0,0,0,0,0.0
1hrCLTP_Tom20500_005_d2.tif_d1_localizations.csv,30_60,7,0,7,0,0,0,0,0.0
1hrCLTP_Tom20500_005_d2.tif_d1_localizations.csv,60_90,3,0,3,0,0,0,0,0.0
1hrCLTP_Tom20500_005_d2.tif_d1_localizations.csv,90_120,0,0,0,0,0,0,0,0.0
1hrCLTP_Tom20500_005_d3.tif_d1_localizations.csv,whole_image,2,1,3,0,0,0,0,0.0
1hrCLTP_Tom20500_005_d3.tif_d1_localizations.csv,0_30,2,1,3,0,0,0,0,0.0
1hrCLTP_Tom20500_005_d3.tif_d1_localizations.csv,30_60,0,0,0,0,0,0,0,0.0
1hrCLTP_Tom20500_005_d3.tif_d1_localizations.csv,60_90,0,0,0,0,0,0,0,0.0
1hrCLTP_Tom20500_005_d3.tif_d1_localizations.csv,90_120,0,0,0,0,0,0,0,0.0
1hrCLTP_Tom20500_006_d1.tif_d1_localizations.csv,whole_image,21,8,29,1,1,2,1,0.06896551724137931
1hrCLTP_Tom20500_006_d1.tif_d1_localizations.csv,0_30,15,6,21,1,1,2,1,0.09523809523809523
1hrCLTP_Tom20500_006_d1.tif_d1_localizations.csv,30_60,6,2,8,0,0,0,0,0.0
1hrCLTP_Tom20500_006_d1.tif_d1_localizations.csv,60_90,0,0,0,0,0,0,0,0.0
1hrCLTP_Tom20500_006_d1.tif_d1_localizations.csv,90_120,0,0,0,0,0,0,0,0.0
1hrCLTP_Tom20500_007_d1.tif_d1_localizations.csv,whole_image,5,1,6,0,0,0,0,0.0
1hrCLTP_Tom20500_007_d1.tif_d1_localizations.csv,0_30,4,0,4,0,0,0,0,0.0
1hrCLTP_Tom20500_007_d1.tif_d1_localizations.csv,30_60,1,1,2,0,0,0,0,0.0
1hrCLTP_Tom20500_007_d1.tif_d1_localizations.csv,60_90,0,0,0,0,0,0,0,0.0
1hrCLTP_Tom20500_007_d1.tif_d1_localizations.csv,90_120,0,0,0,0,0,0,0,0.0
1hrCLTP_Tom20500_007_d2.tif_d1_localizations.csv,whole_image,5,6,11,1,1,2,1,0.18181818181818182
1hrCLTP_Tom20500_007_d2.tif_d1_localizations.csv,0_30,1,4,5,0,0,0,0,0.0
1hrCLTP_Tom20500_007_d2.tif_d1_localizations.csv,30_60,4,2,6,1,1,2,1,0.3333333333333333
1hrCLTP_Tom20500_007_d2.tif_d1_localizations.csv,60_90,0,0,0,0,0,0,0,0.0
1hrCLTP_Tom20500_007_d2.tif_d1_localizations.csv,90_120,0,0,0,0,0,0,0,0.0
1hrCLTP_Tom20500_007_d3.tif_d1_localizations.csv,whole_image,8,6,14,4,4,8,4,0.5714285714285714
1hrCLTP_Tom20500_007_d3.tif_d1_localizations.csv,0_30,6,4,10,4,4,8,4,0.8
1hrCLTP_Tom20500_007_d3.tif_d1_localizations.csv,30_60,2,0,2,0,0,0,0,0.0
1hrCLTP_Tom20500_007_d3.tif_d1_localizations.csv,60_90,0,2,2,0,0,0,0,0.0
1hrCLTP_Tom20500_007_d3.tif_d1_localizations.csv,90_120,0,0,0,0,0,0,0,0.0
1hrCLTP_Tom20500_008_d1.tif_d1_localizations.csv,whole_image,9,2,11,0,0,0,0,0.0
1hrCLTP_Tom20500_008_d1.tif_d1_localizations.csv,0_30,8,1,9,0,0,0,0,0.0
1hrCLTP_Tom20500_008_d1.tif_d1_localizations.csv,30_60,1,1,2,0,0,0,0,0.0
1hrCLTP_Tom20500_008_d1.tif_d1_localizations.csv,60_90,0,0,0,0,0,0,0,0.0
1hrCLTP_Tom20500_008_d1.tif_d1_localizations.csv,90_120,0,0,0,0,0,0,0,0.0
1hrCLTP_Tom20500_008_d3.tif_d1_localizations.csv,whole_image,12,2,14,0,0,0,0,0.0
1hrCLTP_Tom20500_008_d3.tif_d1_localizations.csv,0_30,12,2,14,0,0,0,0,0.0
1hrCLTP_Tom20500_008_d3.tif_d1_localizations.csv,30_60,0,0,0,0,0,0,0,0.0
1hrCLTP_Tom20500_008_d3.tif_d1_localizations.csv,60_90,0,0,0,0,0,0,0,0.0
1hrCLTP_Tom20500_008_d3.tif_d1_localizations.csv,90_120,0,0,0,0,0,0,0,0.0
1hrCLTP_Tom20500_008_d4.tif_d1_localizations.csv,whole_image,8,2,10,1,1,2,1,0.2
1hrCLTP_Tom20500_008_d4.tif_d1_localizations.csv,0_30,8,2,10,1,1,2,1,0.2
1hrCLTP_Tom20500_008_d4.tif_d1_localizations.csv,30_60,0,0,0,0,0,0,0,0.0
1hrCLTP_Tom20500_008_d4.tif_d1_localizations.csv,60_90,0,0,0,0,0,0,0,0.0
1hrCLTP_Tom20500_008_d4.tif_d1_localizations.csv,90_120,0,0,0,0,0,0,0,0.0
1hrCLTP_Tom20500_008_d5.tif_d1_localizations.csv,whole_image,2,6,8,0,0,0,0,0.0
1hrCLTP_Tom20500_008_d5.tif_d1_localizations.csv,0_30,1,5,6,0,0,0,0,0.0
1hrCLTP_Tom20500_008_d5.tif_d1_localizations.csv,30_60,1,1,2,0,0,0,0,0.0
1hrCLTP_Tom20500_008_d5.tif_d1_localizations.csv,60_90,0,0,0,0,0,0,0,0.0
1hrCLTP_Tom20500_008_d5.tif_d1_localizations.csv,90_120,0,0,0,0,0,0,0,0.0
1hrCLTP_Tom20500_011_d1.tif_d1_localizations.csv,whole_image,36,23,59,0,0,0,0,0.0
1hrCLTP_Tom20500_011_d1.tif_d1_localizations.csv,0_30,27,18,45,0,0,0,0,0.0
1hrCLTP_Tom20500_011_d1.tif_d1_localizations.csv,30_60,6,3,9,0,0,0,0,0.0
1hrCLTP_Tom20500_011_d1.tif_d1_localizations.csv,60_90,3,2,5,0,0,0,0,0.0
1hrCLTP_Tom20500_011_d1.tif_d1_localizations.csv,90_120,0,0,0,0,0,0,0,0.0
1hrCLTP_Tom20500_011_d2.tif_d1_localizations.csv,whole_image,24,8,32,0,0,0,0,0.0
1hrCLTP_Tom20500_011_d2.tif_d1_localizations.csv,0_30,16,8,24,0,0,0,0,0.0
1hrCLTP_Tom20500_011_d2.tif_d1_localizations.csv,30_60,8,0,8,0,0,0,0,0.0
1hrCLTP_Tom20500_011_d2.tif_d1_localizations.csv,60_90,0,0,0,0,0,0,0,0.0
1hrCLTP_Tom20500_011_d2.tif_d1_localizations.csv,90_120,0,0,0,0,0,0,0,0.0
1hrCLTP_Tom20500_011_d3.tif_d1_localizations.csv,whole_image,51,6,57,0,0,0,0,0.0
1hrCLTP_Tom20500_011_d3.tif_d1_localizations.csv,0_30,22,4,26,0,0,0,0,0.0
1hrCLTP_Tom20500_011_d3.tif_d1_localizations.csv,30_60,28,2,30,0,0,0,0,0.0
1hrCLTP_Tom20500_011_d3.tif_d1_localizations.csv,60_90,1,0,1,0,0,0,0,0.0
1hrCLTP_Tom20500_011_d3.tif_d1_localizations.csv,90_120,0,0,0,0,0,0,0,0.0
1hrCLTP_Tom20600_012_d1.tif_d1_localizations.csv,whole_image,3,3,6,1,1,2,1,0.3333333333333333
1hrCLTP_Tom20600_012_d1.tif_d1_localizations.csv,0_30,3,3,6,1,1,2,1,0.3333333333333333
1hrCLTP_Tom20600_012_d1.tif_d1_localizations.csv,30_60,0,0,0,0,0,0,0,0.0
1hrCLTP_Tom20600_012_d1.tif_d1_localizations.csv,60_90,0,0,0,0,0,0,0,0.0
1hrCLTP_Tom20600_012_d1.tif_d1_localizations.csv,90_120,0,0,0,0,0,0,0,0.0
1hrCLTP_Tom20600_012_d2.tif_d1_localizations.csv,whole_image,11,6,17,3,3,6,3,0.35294117647058826
1hrCLTP_Tom20600_012_d2.tif_d1_localizations.csv,0_30,11,6,17,3,3,6,3,0.35294117647058826
1hrCLTP_Tom20600_012_d2.tif_d1_localizations.csv,30_60,0,0,0,0,0,0,0,0.0
1hrCLTP_Tom20600_012_d2.tif_d1_localizations.csv,60_90,0,0,0,0,0,0,0,0.0
1hrCLTP_Tom20600_012_d2.tif_d1_localizations.csv,90_120,0,0,0,0,0,0,0,0.0
1hrCLTP_Tom20600_012_d3.tif_d1_localizations.csv,whole_image,8,4,12,2,2,4,2,0.3333333333333333
1hrCLTP_Tom20600_012_d3.tif_d1_localizations.csv,0_30,6,3,9,2,2,4,2,0.4444444444444444
1hrCLTP_Tom20600_012_d3.tif_d1_localizations.csv,30_60,2,1,3,0,0,0,0,0.0
1hrCLTP_Tom20600_012_d3.tif_d1_localizations.csv,60_90,0,0,0,0,0,0,0,0.0
1hrCLTP_Tom20600_012_d3.tif_d1_localizations.csv,90_120,0,0,0,0,0,0,0,0.0
1hrCLTP_Tom20600_012_d4.tif_d1_localizations.csv,whole_image,22,14,36,8,8,16,8,0.4444444444444444
1hrCLTP_Tom20600_012_d4.tif_d1_localizations.csv,0_30,19,10,29,7,7,14,7,0.4827586206896552
1hrCLTP_Tom20600_012_d4.tif_d1_localizations.csv,30_60,3,4,7,1,1,2,1,0.2857142857142857
1hrCLTP_Tom20600_012_d4.tif_d1_localizations.csv,60_90,0,0,0,0,0,0,0,0.0
1hrCLTP_Tom20600_012_d4.tif_d1_localizations.csv,90_120,0,0,0,0,0,0,0,0.0
1hrCLTP_Tom20600_012_d5.tif_d1_localizations.csv,whole_image,15,12,27,8,8,16,8,0.5925925925925926
1hrCLTP_Tom20600_012_d5.tif_d1_localizations.csv,0_30,13,11,24,8,8,16,8,0.6666666666666666
1hrCLTP_Tom20600_012_d5.tif_d1_localizations.csv,30_60,2,1,3,0,0,0,0,0.0
1hrCLTP_Tom20600_012_d5.tif_d1_localizations.csv,60_90,0,0,0,0,0,0,0,0.0
1hrCLTP_Tom20600_012_d5.tif_d1_localizations.csv,90_120,0,0,0,0,0,0,0,0.0
1hrCLTP_Tom20600_013_d1.tif_d1_localizations.csv,whole_image,139,26,165,11,11,22,11,0.13333333333333333
1hrCLTP_Tom20600_013_d1.tif_d1_localizations.csv,0_30,65,13,78,6,6,12,6,0.15384615384615385
1hrCLTP_Tom20600_013_d1.tif_d1_localizations.csv,30_60,47,8,55,5,5,10,5,0.18181818181818182
1hrCLTP_Tom20600_013_d1.tif_d1_localizations.csv,60_90,21,3,24,0,0,0,0,0.0
1hrCLTP_Tom20600_013_d1.tif_d1_localizations.csv,90_120,6,2,8,0,0,0,0,0.0
1hrCLTP_Tom20600_013_d2.tif_d1_localizations.csv,whole_image,14,8,22,3,3,6,3,0.2727272727272727
1hrCLTP_Tom20600_013_d2.tif_d1_localizations.csv,0_30,13,8,21,3,3,6,3,0.2857142857142857
1hrCLTP_Tom20600_013_d2.tif_d1_localizations.csv,30_60,1,0,1,0,0,0,0,0.0
1hrCLTP_Tom20600_013_d2.tif_d1_localizations.csv,60_90,0,0,0,0,0,0,0,0.0
1hrCLTP_Tom20600_013_d2.tif_d1_localizations.csv,90_120,0,0,0,0,0,0,0,0.0
1hrCLTP_Tom20600_013_d3.tif_d1_localizations.csv,whole_image,144,41,185,13,13,26,13,0.14054054054054055
1hrCLTP_Tom20600_013_d3.tif_d1_localizations.csv,0_30,73,22,95,8,8,16,8,0.16842105263157894
1hrCLTP_Tom20600_013_d3.tif_d1_localizations.csv,30_60,51,15,66,5,5,10,5,0.15151515151515152
1hrCLTP_Tom20600_013_d3.tif_d1_localizations.csv,60_90,15,3,18,0,0,0,0,0.0
1hrCLTP_Tom20600_013_d3.tif_d1_localizations.csv,90_120,5,1,6,0,0,0,0,0.0
1hrCLTP_Tom20600_014_d1.tif_d1_localizations.csv,whole_image,18,13,31,1,1,2,1,0.06451612903225806
1hrCLTP_Tom20600_014_d1.tif_d1_localizations.csv,0_30,12,8,20,1,1,2,1,0.1
1hrCLTP_Tom20600_014_d1.tif_d1_localizations.csv,30_60,6,5,11,0,0,0,0,0.0
1hrCLTP_Tom20600_014_d1.tif_d1_localizations.csv,60_90,0,0,0,0,0,0,0,0.0
1hrCLTP_Tom20600_014_d1.tif_d1_localizations.csv,90_120,0,0,0,0,0,0,0,0.0
1hrCLTP_Tom20600_014_d2.tif_d1_localizations.csv,whole_image,13,7,20,0,0,0,0,0.0
1hrCLTP_Tom20600_014_d2.tif_d1_localizations.csv,0_30,13,7,20,0,0,0,0,0.0
1hrCLTP_Tom20600_014_d2.tif_d1_localizations.csv,30_60,0,0,0,0,0,0,0,0.0
1hrCLTP_Tom20600_014_d2.tif_d1_localizations.csv,60_90,0,0,0,0,0,0,0,0.0
1hrCLTP_Tom20600_014_d2.tif_d1_localizations.csv,90_120,0,0,0,0,0,0,0,0.0
1hrCLTP_Tom20600_014_d3.tif_d1_localizations.csv,whole_image,16,6,22,0,0,0,0,0.0
1hrCLTP_Tom20600_014_d3.tif_d1_localizations.csv,0_30,13,5,18,0,0,0,0,0.0
1hrCLTP_Tom20600_014_d3.tif_d1_localizations.csv,30_60,3,1,4,0,0,0,0,0.0
1hrCLTP_Tom20600_014_d3.tif_d1_localizations.csv,60_90,0,0,0,0,0,0,0,0.0
1hrCLTP_Tom20600_014_d3.tif_d1_localizations.csv,90_120,0,0,0,0,0,0,0,0.0
1hrCLTP_Tom20600_015_d1.tif_d1_localizations.csv,whole_image,13,5,18,0,0,0,0,0.0
1hrCLTP_Tom20600_015_d1.tif_d1_localizations.csv,0_30,9,4,13,0,0,0,0,0.0
1hrCLTP_Tom20600_015_d1.tif_d1_localizations.csv,30_60,4,1,5,0,0,0,0,0.0
1hrCLTP_Tom20600_015_d1.tif_d1_localizations.csv,60_90,0,0,0,0,0,0,0,0.0
1hrCLTP_Tom20600_015_d1.tif_d1_localizations.csv,90_120,0,0,0,0,0,0,0,0.0
1hrCLTP_Tom20600_015_d2.tif_d1_localizations.csv,whole_image,16,4,20,0,0,0,0,0.0
1hrCLTP_Tom20600_015_d2.tif_d1_localizations.csv,0_30,13,3,16,0,0,0,0,0.0
1hrCLTP_Tom20600_015_d2.tif_d1_localizations.csv,30_60,3,1,4,0,0,0,0,0.0
1hrCLTP_Tom20600_015_d2.tif_d1_localizations.csv,60_90,0,0,0,0,0,0,0,0.0
1hrCLTP_Tom20600_015_d2.tif_d1_localizations.csv,90_120,0,0,0,0,0,0,0,0.0
1hrCLTP_Tom20600_015_d3.tif_d1_localizations.csv,whole_image,9,4,13,0,0,0,0,0.0
1hrCLTP_Tom20600_015_d3.tif_d1_localizations.csv,0_30,7,3,10,0,0,0,0,0.0
1hrCLTP_Tom20600_015_d3.tif_d1_localizations.csv,30_60,2,1,3,0,0,0,0,0.0
1hrCLTP_Tom20600_015_d3.tif_d1_localizations.csv,60_90,0,0,0,0,0,0,0,0.0
1hrCLTP_Tom20600_015_d3.tif_d1_localizations.csv,90_120,0,0,0,0,0,0,0,0.0
1hrCLTP_Tom20600_016_d1.tif_d1_localizations.csv,whole_image,40,2,42,0,0,0,0,0.0
1hrCLTP_Tom20600_016_d1.tif_d1_localizations.csv,0_30,8,2,10,0,0,0,0,0.0
1hrCLTP_Tom20600_016_d1.tif_d1_localizations.csv,30_60,13,0,13,0,0,0,0,0.0
1hrCLTP_Tom20600_016_d1.tif_d1_localizations.csv,60_90,19,0,19,0,0,0,0,0.0
1hrCLTP_Tom20600_016_d1.tif_d1_localizations.csv,90_120,0,0,0,0,0,0,0,0.0
