motif_ID	motif_ALT_ID	motif_Score	seq_ID	seq_Score	seq_Class	is_holdout?
1-GAUACCUAAA	STREME-1	6.6e-011	ENSMUSG00000015243	18.04	fp	0
1-GAUACCUAAA	STREME-1	6.6e-011	ENSMUSG00000034379	17.98	tp	0
1-GAUACCUAAA	STREME-1	6.6e-011	ENSMUSG00000038094	17.98	fp	0
1-GAUACCUAAA	STREME-1	6.6e-011	ENSMUSG00000032307	17.98	fp	0
1-GAUACCUAAA	STREME-1	6.6e-011	ENSMUSG00000037236	17.98	fp	0
1-GAUACCUAAA	STREME-1	6.6e-011	ENSMUSG00000044573	17.98	fp	0
1-GAUACCUAAA	STREME-1	6.6e-011	ENSMUSG00000026640	17.66	fp	0
1-GAUACCUAAA	STREME-1	6.6e-011	ENSMUSG00000029924	17.66	fp	0
1-GAUACCUAAA	STREME-1	6.6e-011	ENSMUSG00000031626	17.66	fp	0
1-GAUACCUAAA	STREME-1	6.6e-011	ENSMUSG00000044768	17.66	fp	0
1-GAUACCUAAA	STREME-1	6.6e-011	ENSMUSG00000019853	17.66	fp	0
1-GAUACCUAAA	STREME-1	6.6e-011	ENSMUSG00000032567	16.88	tp	0
1-GAUACCUAAA	STREME-1	6.6e-011	ENSMUSG00000032058	16.78	fp	0
1-GAUACCUAAA	STREME-1	6.6e-011	ENSMUSG00000017144	16.78	fp	0
1-GAUACCUAAA	STREME-1	6.6e-011	ENSMUSG00000024026	16.78	fp	0
1-GAUACCUAAA	STREME-1	6.6e-011	ENSMUSG00000030207	16.05	fp	0
1-GAUACCUAAA	STREME-1	6.6e-011	ENSMUSG00000070000	15.95	fp	0
1-GAUACCUAAA	STREME-1	6.6e-011	ENSMUSG00000022122	15.70	fp	0
1-GAUACCUAAA	STREME-1	6.6e-011	ENSMUSG00000005360	15.67	fp	0
1-GAUACCUAAA	STREME-1	6.6e-011	ENSMUSG00000001248	15.67	fp	0
1-GAUACCUAAA	STREME-1	6.6e-011	ENSMUSG00000025613	15.67	fp	0
1-GAUACCUAAA	STREME-1	6.6e-011	ENSMUSG00000030725	15.61	tp	0
1-GAUACCUAAA	STREME-1	6.6e-011	ENSMUSG00000024335	15.61	fp	0
1-GAUACCUAAA	STREME-1	6.6e-011	ENSMUSG00000023852	15.61	fp	0
1-GAUACCUAAA	STREME-1	6.6e-011	ENSMUSG00000024513	15.61	fp	0
1-GAUACCUAAA	STREME-1	6.6e-011	ENSMUSG00000032512	15.61	fp	0
1-GAUACCUAAA	STREME-1	6.6e-011	ENSMUSG00000024150	15.61	fp	0
1-GAUACCUAAA	STREME-1	6.6e-011	ENSMUSG00000005893	15.56	fp	0
1-GAUACCUAAA	STREME-1	6.6e-011	ENSMUSG00000027184	15.56	fp	0
1-GAUACCUAAA	STREME-1	6.6e-011	ENSMUSG00000021477	15.56	fp	0
1-GAUACCUAAA	STREME-1	6.6e-011	ENSMUSG00000045103	15.56	fp	0
1-GAUACCUAAA	STREME-1	6.6e-011	ENSMUSG00000022119	15.38	fp	0
1-GAUACCUAAA	STREME-1	6.6e-011	ENSMUSG00000026701	15.38	fp	0
1-GAUACCUAAA	STREME-1	6.6e-011	ENSMUSG00000027797	15.35	fp	0
1-GAUACCUAAA	STREME-1	6.6e-011	ENSMUSG00000021116	15.29	fp	0
1-GAUACCUAAA	STREME-1	6.6e-011	ENSMUSG00000018001	15.29	fp	0
1-GAUACCUAAA	STREME-1	6.6e-011	ENSMUSG00000057406	15.29	fp	0
1-GAUACCUAAA	STREME-1	6.6e-011	ENSMUSG00000027746	15.29	fp	0
1-GAUACCUAAA	STREME-1	6.6e-011	ENSMUSG00000040724	15.29	fp	0
1-GAUACCUAAA	STREME-1	6.6e-011	ENSMUSG00000026374	15.29	fp	0
1-GAUACCUAAA	STREME-1	6.6e-011	ENSMUSG00000023963	15.23	tp	0
1-GAUACCUAAA	STREME-1	6.6e-011	ENSMUSG00000024735	15.23	fp	0
1-GAUACCUAAA	STREME-1	6.6e-011	ENSMUSG00000028248	15.23	fp	0
1-GAUACCUAAA	STREME-1	6.6e-011	ENSMUSG00000018379	15.23	fp	0
1-GAUACCUAAA	STREME-1	6.6e-011	ENSMUSG00000042608	15.23	fp	0
1-GAUACCUAAA	STREME-1	6.6e-011	ENSMUSG00000022108	15.07	fp	0
1-GAUACCUAAA	STREME-1	6.6e-011	ENSMUSG00000021196	15.07	fp	0
1-GAUACCUAAA	STREME-1	6.6e-011	ENSMUSG00000056211	15.07	fp	0
1-GAUACCUAAA	STREME-1	6.6e-011	ENSMUSG00000022421	15.07	fp	0
1-GAUACCUAAA	STREME-1	6.6e-011	ENSMUSG00000020790	15.07	fp	0
1-GAUACCUAAA	STREME-1	6.6e-011	ENSMUSG00000025421	15.07	fp	0
1-GAUACCUAAA	STREME-1	6.6e-011	ENSMUSG00000117621	15.07	fp	0
1-GAUACCUAAA	STREME-1	6.6e-011	ENSMUSG00000022412	15.07	fp	0
1-GAUACCUAAA	STREME-1	6.6e-011	ENSMUSG00000021910	15.07	fp	0
1-GAUACCUAAA	STREME-1	6.6e-011	ENSMUSG00000063760	15.07	fp	0
1-GAUACCUAAA	STREME-1	6.6e-011	ENSMUSG00000026959	15.07	fp	0
1-GAUACCUAAA	STREME-1	6.6e-011	ENSMUSG00000034336	15.07	fp	0
1-GAUACCUAAA	STREME-1	6.6e-011	ENSMUSG00000019810	15.07	fp	0
1-GAUACCUAAA	STREME-1	6.6e-011	ENSMUSG00000031133	15.06	tp	0
1-GAUACCUAAA	STREME-1	6.6e-011	ENSMUSG00000021936	15.06	fp	0
1-GAUACCUAAA	STREME-1	6.6e-011	ENSMUSG00000027419	15.06	fp	0
1-GAUACCUAAA	STREME-1	6.6e-011	ENSMUSG00000022297	15.06	fp	0
1-GAUACCUAAA	STREME-1	6.6e-011	ENSMUSG00000030760	15.06	fp	0
1-GAUACCUAAA	STREME-1	6.6e-011	ENSMUSG00000060935	15.06	fp	0
1-GAUACCUAAA	STREME-1	6.6e-011	ENSMUSG00000019943	15.06	fp	0
1-GAUACCUAAA	STREME-1	6.6e-011	ENSMUSG00000032096	14.81	fp	0
1-GAUACCUAAA	STREME-1	6.6e-011	ENSMUSG00000003934	14.81	fp	0
1-GAUACCUAAA	STREME-1	6.6e-011	ENSMUSG00000011832	14.81	fp	0
1-GAUACCUAAA	STREME-1	6.6e-011	ENSMUSG00000005583	14.80	fp	0
1-GAUACCUAAA	STREME-1	6.6e-011	ENSMUSG00000031352	14.80	fp	0
1-GAUACCUAAA	STREME-1	6.6e-011	ENSMUSG00000021613	14.80	fp	0
1-GAUACCUAAA	STREME-1	6.6e-011	ENSMUSG00000049791	14.75	tp	0
1-GAUACCUAAA	STREME-1	6.6e-011	ENSMUSG00000026915	14.75	fp	0
1-GAUACCUAAA	STREME-1	6.6e-011	ENSMUSG00000051615	14.75	fp	0
1-GAUACCUAAA	STREME-1	6.6e-011	ENSMUSG00000040209	14.75	fp	0
#
2-AACAGCUGUU	STREME-2	7.6e-009	ENSMUSG00000023963	16.68	tp	0
2-AACAGCUGUU	STREME-2	7.6e-009	ENSMUSG00000026123	16.68	fp	0
2-AACAGCUGUU	STREME-2	7.6e-009	ENSMUSG00000024985	16.68	fp	0
2-AACAGCUGUU	STREME-2	7.6e-009	ENSMUSG00000024188	16.68	fp	0
2-AACAGCUGUU	STREME-2	7.6e-009	ENSMUSG00000059439	16.68	fp	0
2-AACAGCUGUU	STREME-2	7.6e-009	ENSMUSG00000033808	16.68	fp	0
2-AACAGCUGUU	STREME-2	7.6e-009	ENSMUSG00000056999	16.68	fp	0
2-AACAGCUGUU	STREME-2	7.6e-009	ENSMUSG00000021427	16.68	fp	0
2-AACAGCUGUU	STREME-2	7.6e-009	ENSMUSG00000022139	16.68	fp	0
2-AACAGCUGUU	STREME-2	7.6e-009	ENSMUSG00000051316	16.68	fp	0
2-AACAGCUGUU	STREME-2	7.6e-009	ENSMUSG00000021275	16.68	fp	0
2-AACAGCUGUU	STREME-2	7.6e-009	ENSMUSG00000024589	16.68	fp	0
2-AACAGCUGUU	STREME-2	7.6e-009	ENSMUSG00000029823	16.68	fp	0
2-AACAGCUGUU	STREME-2	7.6e-009	ENSMUSG00000027637	16.68	fp	0
2-AACAGCUGUU	STREME-2	7.6e-009	ENSMUSG00000052707	16.68	fp	0
2-AACAGCUGUU	STREME-2	7.6e-009	ENSMUSG00000031864	16.68	fp	0
2-AACAGCUGUU	STREME-2	7.6e-009	ENSMUSG00000032567	15.36	tp	0
2-AACAGCUGUU	STREME-2	7.6e-009	ENSMUSG00000028106	15.36	fp	0
2-AACAGCUGUU	STREME-2	7.6e-009	ENSMUSG00000043702	15.36	fp	0
2-AACAGCUGUU	STREME-2	7.6e-009	ENSMUSG00000019920	15.36	fp	0
2-AACAGCUGUU	STREME-2	7.6e-009	ENSMUSG00000022255	15.36	fp	0
2-AACAGCUGUU	STREME-2	7.6e-009	ENSMUSG00000025854	15.36	fp	0
2-AACAGCUGUU	STREME-2	7.6e-009	ENSMUSG00000026718	15.36	fp	0
2-AACAGCUGUU	STREME-2	7.6e-009	ENSMUSG00000006010	15.36	fp	0
2-AACAGCUGUU	STREME-2	7.6e-009	ENSMUSG00000059263	15.36	fp	0
2-AACAGCUGUU	STREME-2	7.6e-009	ENSMUSG00000027374	15.36	fp	0
2-AACAGCUGUU	STREME-2	7.6e-009	ENSMUSG00000054893	15.36	fp	0
2-AACAGCUGUU	STREME-2	7.6e-009	ENSMUSG00000046707	15.36	fp	0
2-AACAGCUGUU	STREME-2	7.6e-009	ENSMUSG00000030725	15.34	tp	0
2-AACAGCUGUU	STREME-2	7.6e-009	ENSMUSG00000029212	15.34	fp	0
2-AACAGCUGUU	STREME-2	7.6e-009	ENSMUSG00000039770	15.34	fp	0
2-AACAGCUGUU	STREME-2	7.6e-009	ENSMUSG00000003299	15.34	fp	0
2-AACAGCUGUU	STREME-2	7.6e-009	ENSMUSG00000020108	15.34	fp	0
2-AACAGCUGUU	STREME-2	7.6e-009	ENSMUSG00000074748	15.34	fp	0
2-AACAGCUGUU	STREME-2	7.6e-009	ENSMUSG00000036469	15.34	fp	0
2-AACAGCUGUU	STREME-2	7.6e-009	ENSMUSG00000005683	15.34	fp	0
2-AACAGCUGUU	STREME-2	7.6e-009	ENSMUSG00000034928	15.34	fp	0
2-AACAGCUGUU	STREME-2	7.6e-009	ENSMUSG00000056820	15.34	fp	0
2-AACAGCUGUU	STREME-2	7.6e-009	ENSMUSG00000031158	15.34	fp	0
2-AACAGCUGUU	STREME-2	7.6e-009	ENSMUSG00000034379	15.16	tp	0
2-AACAGCUGUU	STREME-2	7.6e-009	ENSMUSG00000006134	15.16	fp	0
2-AACAGCUGUU	STREME-2	7.6e-009	ENSMUSG00000020818	15.16	fp	0
2-AACAGCUGUU	STREME-2	7.6e-009	ENSMUSG00000020070	15.16	fp	0
2-AACAGCUGUU	STREME-2	7.6e-009	ENSMUSG00000010755	15.16	fp	0
2-AACAGCUGUU	STREME-2	7.6e-009	ENSMUSG00000060568	15.16	fp	0
2-AACAGCUGUU	STREME-2	7.6e-009	ENSMUSG00000017412	15.16	fp	0
2-AACAGCUGUU	STREME-2	7.6e-009	ENSMUSG00000026421	15.16	fp	0
2-AACAGCUGUU	STREME-2	7.6e-009	ENSMUSG00000055254	15.16	fp	0
2-AACAGCUGUU	STREME-2	7.6e-009	ENSMUSG00000031133	15.15	tp	0
2-AACAGCUGUU	STREME-2	7.6e-009	ENSMUSG00000040128	15.15	fp	0
2-AACAGCUGUU	STREME-2	7.6e-009	ENSMUSG00000037643	15.15	fp	0
2-AACAGCUGUU	STREME-2	7.6e-009	ENSMUSG00000042082	15.15	fp	0
2-AACAGCUGUU	STREME-2	7.6e-009	ENSMUSG00000025421	15.15	fp	0
2-AACAGCUGUU	STREME-2	7.6e-009	ENSMUSG00000025212	15.15	fp	0
2-AACAGCUGUU	STREME-2	7.6e-009	ENSMUSG00000020952	15.15	fp	0
2-AACAGCUGUU	STREME-2	7.6e-009	ENSMUSG00000058569	15.15	fp	0
2-AACAGCUGUU	STREME-2	7.6e-009	ENSMUSG00000028525	15.15	fp	0
2-AACAGCUGUU	STREME-2	7.6e-009	ENSMUSG00000044667	15.15	fp	0
2-AACAGCUGUU	STREME-2	7.6e-009	ENSMUSG00000059146	15.15	fp	0
2-AACAGCUGUU	STREME-2	7.6e-009	ENSMUSG00000037339	15.15	fp	0
2-AACAGCUGUU	STREME-2	7.6e-009	ENSMUSG00000031565	15.15	fp	0
2-AACAGCUGUU	STREME-2	7.6e-009	ENSMUSG00000033931	15.15	fp	0
#
3-GCAAUGAGA	STREME-3	2.1e-006	ENSMUSG00000034379	17.09	tp	0
3-GCAAUGAGA	STREME-3	2.1e-006	ENSMUSG00000031133	17.09	tp	0
3-GCAAUGAGA	STREME-3	2.1e-006	ENSMUSG00000026915	17.09	fp	0
3-GCAAUGAGA	STREME-3	2.1e-006	ENSMUSG00000024370	17.09	fp	0
3-GCAAUGAGA	STREME-3	2.1e-006	ENSMUSG00000025582	17.09	fp	0
3-GCAAUGAGA	STREME-3	2.1e-006	ENSMUSG00000069670	17.09	fp	0
3-GCAAUGAGA	STREME-3	2.1e-006	ENSMUSG00000021814	17.09	fp	0
3-GCAAUGAGA	STREME-3	2.1e-006	ENSMUSG00000037965	17.09	fp	0
3-GCAAUGAGA	STREME-3	2.1e-006	ENSMUSG00000022708	17.09	fp	0
3-GCAAUGAGA	STREME-3	2.1e-006	ENSMUSG00000045287	17.09	fp	0
3-GCAAUGAGA	STREME-3	2.1e-006	ENSMUSG00000000881	17.09	fp	0
3-GCAAUGAGA	STREME-3	2.1e-006	ENSMUSG00000044768	17.09	fp	0
3-GCAAUGAGA	STREME-3	2.1e-006	ENSMUSG00000032186	17.09	fp	0
3-GCAAUGAGA	STREME-3	2.1e-006	ENSMUSG00000034152	17.09	fp	0
3-GCAAUGAGA	STREME-3	2.1e-006	ENSMUSG00000035529	17.09	fp	0
3-GCAAUGAGA	STREME-3	2.1e-006	ENSMUSG00000049176	17.09	fp	0
3-GCAAUGAGA	STREME-3	2.1e-006	ENSMUSG00000026335	17.09	fp	0
3-GCAAUGAGA	STREME-3	2.1e-006	ENSMUSG00000035764	17.09	fp	0
3-GCAAUGAGA	STREME-3	2.1e-006	ENSMUSG00000017747	17.09	fp	0
3-GCAAUGAGA	STREME-3	2.1e-006	ENSMUSG00000040711	17.09	fp	0
3-GCAAUGAGA	STREME-3	2.1e-006	ENSMUSG00000042182	17.09	fp	0
3-GCAAUGAGA	STREME-3	2.1e-006	ENSMUSG00000022964	17.09	fp	0
3-GCAAUGAGA	STREME-3	2.1e-006	ENSMUSG00000029823	17.09	fp	0
3-GCAAUGAGA	STREME-3	2.1e-006	ENSMUSG00000025873	17.09	fp	0
3-GCAAUGAGA	STREME-3	2.1e-006	ENSMUSG00000001986	17.09	fp	0
3-GCAAUGAGA	STREME-3	2.1e-006	ENSMUSG00000031093	17.09	fp	0
3-GCAAUGAGA	STREME-3	2.1e-006	ENSMUSG00000023963	15.94	tp	0
3-GCAAUGAGA	STREME-3	2.1e-006	ENSMUSG00000020661	15.94	fp	0
3-GCAAUGAGA	STREME-3	2.1e-006	ENSMUSG00000025326	15.94	fp	0
3-GCAAUGAGA	STREME-3	2.1e-006	ENSMUSG00000015243	15.94	fp	0
3-GCAAUGAGA	STREME-3	2.1e-006	ENSMUSG00000054679	15.94	fp	0
3-GCAAUGAGA	STREME-3	2.1e-006	ENSMUSG00000034342	15.94	fp	0
3-GCAAUGAGA	STREME-3	2.1e-006	ENSMUSG00000054027	15.94	fp	0
3-GCAAUGAGA	STREME-3	2.1e-006	ENSMUSG00000095930	15.94	fp	0
3-GCAAUGAGA	STREME-3	2.1e-006	ENSMUSG00000021843	15.94	fp	0
3-GCAAUGAGA	STREME-3	2.1e-006	ENSMUSG00000042444	15.94	fp	0
3-GCAAUGAGA	STREME-3	2.1e-006	ENSMUSG00000026743	15.94	fp	0
3-GCAAUGAGA	STREME-3	2.1e-006	ENSMUSG00000033099	15.94	fp	0
3-GCAAUGAGA	STREME-3	2.1e-006	ENSMUSG00000031969	15.94	fp	0
3-GCAAUGAGA	STREME-3	2.1e-006	ENSMUSG00000004631	15.94	fp	0
3-GCAAUGAGA	STREME-3	2.1e-006	ENSMUSG00000038497	15.94	fp	0
3-GCAAUGAGA	STREME-3	2.1e-006	ENSMUSG00000033060	15.94	fp	0
3-GCAAUGAGA	STREME-3	2.1e-006	ENSMUSG00000047866	15.94	fp	0
3-GCAAUGAGA	STREME-3	2.1e-006	ENSMUSG00000032567	15.24	tp	0
3-GCAAUGAGA	STREME-3	2.1e-006	ENSMUSG00000020326	15.24	fp	0
3-GCAAUGAGA	STREME-3	2.1e-006	ENSMUSG00000029068	15.24	fp	0
3-GCAAUGAGA	STREME-3	2.1e-006	ENSMUSG00000014195	15.24	fp	0
3-GCAAUGAGA	STREME-3	2.1e-006	ENSMUSG00000019841	15.24	fp	0
3-GCAAUGAGA	STREME-3	2.1e-006	ENSMUSG00000028411	15.24	fp	0
3-GCAAUGAGA	STREME-3	2.1e-006	ENSMUSG00000020107	15.24	fp	0
3-GCAAUGAGA	STREME-3	2.1e-006	ENSMUSG00000030335	15.24	fp	0
3-GCAAUGAGA	STREME-3	2.1e-006	ENSMUSG00000020522	15.24	fp	0
3-GCAAUGAGA	STREME-3	2.1e-006	ENSMUSG00000034761	15.24	fp	0
3-GCAAUGAGA	STREME-3	2.1e-006	ENSMUSG00000002413	15.24	fp	0
3-GCAAUGAGA	STREME-3	2.1e-006	ENSMUSG00000024959	15.24	fp	0
3-GCAAUGAGA	STREME-3	2.1e-006	ENSMUSG00000022098	15.24	fp	0
3-GCAAUGAGA	STREME-3	2.1e-006	ENSMUSG00000034593	15.24	fp	0
3-GCAAUGAGA	STREME-3	2.1e-006	ENSMUSG00000079215	15.24	fp	0
3-GCAAUGAGA	STREME-3	2.1e-006	ENSMUSG00000032328	15.24	fp	0
3-GCAAUGAGA	STREME-3	2.1e-006	ENSMUSG00000029199	15.24	fp	0
3-GCAAUGAGA	STREME-3	2.1e-006	ENSMUSG00000022507	15.24	fp	0
3-GCAAUGAGA	STREME-3	2.1e-006	ENSMUSG00000025221	15.24	fp	0
3-GCAAUGAGA	STREME-3	2.1e-006	ENSMUSG00000017485	15.24	fp	0
3-GCAAUGAGA	STREME-3	2.1e-006	ENSMUSG00000013150	15.24	fp	0
3-GCAAUGAGA	STREME-3	2.1e-006	ENSMUSG00000037608	15.24	fp	0
3-GCAAUGAGA	STREME-3	2.1e-006	ENSMUSG00000031681	15.24	fp	0
3-GCAAUGAGA	STREME-3	2.1e-006	ENSMUSG00000009647	15.24	fp	0
3-GCAAUGAGA	STREME-3	2.1e-006	ENSMUSG00000022529	15.24	fp	0
3-GCAAUGAGA	STREME-3	2.1e-006	ENSMUSG00000036499	15.24	fp	0
3-GCAAUGAGA	STREME-3	2.1e-006	ENSMUSG00000025576	15.24	fp	0
3-GCAAUGAGA	STREME-3	2.1e-006	ENSMUSG00000021906	15.24	fp	0
3-GCAAUGAGA	STREME-3	2.1e-006	ENSMUSG00000038982	15.24	fp	0
#
4-CCAUCAUW	STREME-4	2.3e-006	ENSMUSG00000034379	14.68	tp	0
4-CCAUCAUW	STREME-4	2.3e-006	ENSMUSG00000021116	14.68	fp	0
4-CCAUCAUW	STREME-4	2.3e-006	ENSMUSG00000046862	14.68	fp	0
4-CCAUCAUW	STREME-4	2.3e-006	ENSMUSG00000045589	14.68	fp	0
4-CCAUCAUW	STREME-4	2.3e-006	ENSMUSG00000026158	14.68	fp	0
4-CCAUCAUW	STREME-4	2.3e-006	ENSMUSG00000022159	14.68	fp	0
4-CCAUCAUW	STREME-4	2.3e-006	ENSMUSG00000034724	14.68	fp	0
4-CCAUCAUW	STREME-4	2.3e-006	ENSMUSG00000021477	14.68	fp	0
4-CCAUCAUW	STREME-4	2.3e-006	ENSMUSG00000062210	14.68	fp	0
4-CCAUCAUW	STREME-4	2.3e-006	ENSMUSG00000043702	14.68	fp	0
4-CCAUCAUW	STREME-4	2.3e-006	ENSMUSG00000030770	14.68	fp	0
4-CCAUCAUW	STREME-4	2.3e-006	ENSMUSG00000025786	14.68	fp	0
4-CCAUCAUW	STREME-4	2.3e-006	ENSMUSG00000006050	14.68	fp	0
4-CCAUCAUW	STREME-4	2.3e-006	ENSMUSG00000073139	14.68	fp	0
4-CCAUCAUW	STREME-4	2.3e-006	ENSMUSG00000097789	14.68	fp	0
4-CCAUCAUW	STREME-4	2.3e-006	ENSMUSG00000001847	14.68	fp	0
4-CCAUCAUW	STREME-4	2.3e-006	ENSMUSG00000029502	14.68	fp	0
4-CCAUCAUW	STREME-4	2.3e-006	ENSMUSG00000020776	14.68	fp	0
4-CCAUCAUW	STREME-4	2.3e-006	ENSMUSG00000032423	14.68	fp	0
4-CCAUCAUW	STREME-4	2.3e-006	ENSMUSG00000079362	14.68	fp	0
4-CCAUCAUW	STREME-4	2.3e-006	ENSMUSG00000029439	14.68	fp	0
4-CCAUCAUW	STREME-4	2.3e-006	ENSMUSG00000019841	14.68	fp	0
4-CCAUCAUW	STREME-4	2.3e-006	ENSMUSG00000060002	14.68	fp	0
4-CCAUCAUW	STREME-4	2.3e-006	ENSMUSG00000021285	14.68	fp	0
4-CCAUCAUW	STREME-4	2.3e-006	ENSMUSG00000022708	14.68	fp	0
4-CCAUCAUW	STREME-4	2.3e-006	ENSMUSG00000020691	14.68	fp	0
4-CCAUCAUW	STREME-4	2.3e-006	ENSMUSG00000056204	14.68	fp	0
4-CCAUCAUW	STREME-4	2.3e-006	ENSMUSG00000050565	14.68	fp	0
4-CCAUCAUW	STREME-4	2.3e-006	ENSMUSG00000034723	14.68	fp	0
4-CCAUCAUW	STREME-4	2.3e-006	ENSMUSG00000034349	14.68	fp	0
4-CCAUCAUW	STREME-4	2.3e-006	ENSMUSG00000040929	14.68	fp	0
4-CCAUCAUW	STREME-4	2.3e-006	ENSMUSG00000002524	14.68	fp	0
4-CCAUCAUW	STREME-4	2.3e-006	ENSMUSG00000052656	14.68	fp	0
4-CCAUCAUW	STREME-4	2.3e-006	ENSMUSG00000018379	14.68	fp	0
4-CCAUCAUW	STREME-4	2.3e-006	ENSMUSG00000058886	14.68	fp	0
4-CCAUCAUW	STREME-4	2.3e-006	ENSMUSG00000029189	14.68	fp	0
4-CCAUCAUW	STREME-4	2.3e-006	ENSMUSG00000022587	14.68	fp	0
4-CCAUCAUW	STREME-4	2.3e-006	ENSMUSG00000035623	14.68	fp	0
4-CCAUCAUW	STREME-4	2.3e-006	ENSMUSG00000071657	14.68	fp	0
4-CCAUCAUW	STREME-4	2.3e-006	ENSMUSG00000020315	14.68	fp	0
4-CCAUCAUW	STREME-4	2.3e-006	ENSMUSG00000042705	14.68	fp	0
4-CCAUCAUW	STREME-4	2.3e-006	ENSMUSG00000034910	14.68	fp	0
4-CCAUCAUW	STREME-4	2.3e-006	ENSMUSG00000024400	14.68	fp	0
4-CCAUCAUW	STREME-4	2.3e-006	ENSMUSG00000025607	14.68	fp	0
4-CCAUCAUW	STREME-4	2.3e-006	ENSMUSG00000058690	14.68	fp	0
4-CCAUCAUW	STREME-4	2.3e-006	ENSMUSG00000032186	14.68	fp	0
4-CCAUCAUW	STREME-4	2.3e-006	ENSMUSG00000031641	14.68	fp	0
4-CCAUCAUW	STREME-4	2.3e-006	ENSMUSG00000020589	14.68	fp	0
4-CCAUCAUW	STREME-4	2.3e-006	ENSMUSG00000033186	14.68	fp	0
4-CCAUCAUW	STREME-4	2.3e-006	ENSMUSG00000001211	14.68	fp	0
4-CCAUCAUW	STREME-4	2.3e-006	ENSMUSG00000041153	14.68	fp	0
4-CCAUCAUW	STREME-4	2.3e-006	ENSMUSG00000021986	14.68	fp	0
4-CCAUCAUW	STREME-4	2.3e-006	ENSMUSG00000028525	14.68	fp	0
4-CCAUCAUW	STREME-4	2.3e-006	ENSMUSG00000009470	14.68	fp	0
4-CCAUCAUW	STREME-4	2.3e-006	ENSMUSG00000024516	14.68	fp	0
4-CCAUCAUW	STREME-4	2.3e-006	ENSMUSG00000025266	14.68	fp	0
4-CCAUCAUW	STREME-4	2.3e-006	ENSMUSG00000039286	14.68	fp	0
4-CCAUCAUW	STREME-4	2.3e-006	ENSMUSG00000033287	14.68	fp	0
4-CCAUCAUW	STREME-4	2.3e-006	ENSMUSG00000042901	14.68	fp	0
4-CCAUCAUW	STREME-4	2.3e-006	ENSMUSG00000022106	14.68	fp	0
4-CCAUCAUW	STREME-4	2.3e-006	ENSMUSG00000033099	14.68	fp	0
4-CCAUCAUW	STREME-4	2.3e-006	ENSMUSG00000022684	14.68	fp	0
4-CCAUCAUW	STREME-4	2.3e-006	ENSMUSG00000032064	14.68	fp	0
4-CCAUCAUW	STREME-4	2.3e-006	ENSMUSG00000043683	14.68	fp	0
4-CCAUCAUW	STREME-4	2.3e-006	ENSMUSG00000031700	14.68	fp	0
4-CCAUCAUW	STREME-4	2.3e-006	ENSMUSG00000033965	14.68	fp	0
4-CCAUCAUW	STREME-4	2.3e-006	ENSMUSG00000015290	14.68	fp	0
4-CCAUCAUW	STREME-4	2.3e-006	ENSMUSG00000040669	14.68	fp	0
4-CCAUCAUW	STREME-4	2.3e-006	ENSMUSG00000037996	14.68	fp	0
4-CCAUCAUW	STREME-4	2.3e-006	ENSMUSG00000015829	14.68	fp	0
4-CCAUCAUW	STREME-4	2.3e-006	ENSMUSG00000038497	14.68	fp	0
4-CCAUCAUW	STREME-4	2.3e-006	ENSMUSG00000053644	14.68	fp	0
4-CCAUCAUW	STREME-4	2.3e-006	ENSMUSG00000022752	14.68	fp	0
4-CCAUCAUW	STREME-4	2.3e-006	ENSMUSG00000019132	14.68	fp	0
4-CCAUCAUW	STREME-4	2.3e-006	ENSMUSG00000037685	14.68	fp	0
4-CCAUCAUW	STREME-4	2.3e-006	ENSMUSG00000051527	14.68	fp	0
4-CCAUCAUW	STREME-4	2.3e-006	ENSMUSG00000021540	14.68	fp	0
4-CCAUCAUW	STREME-4	2.3e-006	ENSMUSG00000033392	14.68	fp	0
4-CCAUCAUW	STREME-4	2.3e-006	ENSMUSG00000030725	13.56	tp	0
4-CCAUCAUW	STREME-4	2.3e-006	ENSMUSG00000023963	13.56	tp	0
4-CCAUCAUW	STREME-4	2.3e-006	ENSMUSG00000005871	13.56	fp	0
4-CCAUCAUW	STREME-4	2.3e-006	ENSMUSG00000061911	13.56	fp	0
4-CCAUCAUW	STREME-4	2.3e-006	ENSMUSG00000039328	13.56	fp	0
4-CCAUCAUW	STREME-4	2.3e-006	ENSMUSG00000021488	13.56	fp	0
4-CCAUCAUW	STREME-4	2.3e-006	ENSMUSG00000021796	13.56	fp	0
4-CCAUCAUW	STREME-4	2.3e-006	ENSMUSG00000067879	13.56	fp	0
4-CCAUCAUW	STREME-4	2.3e-006	ENSMUSG00000055447	13.56	fp	0
4-CCAUCAUW	STREME-4	2.3e-006	ENSMUSG00000029212	13.56	fp	0
4-CCAUCAUW	STREME-4	2.3e-006	ENSMUSG00000007655	13.56	fp	0
4-CCAUCAUW	STREME-4	2.3e-006	ENSMUSG00000041530	13.56	fp	0
4-CCAUCAUW	STREME-4	2.3e-006	ENSMUSG00000045039	13.56	fp	0
4-CCAUCAUW	STREME-4	2.3e-006	ENSMUSG00000038141	13.56	fp	0
4-CCAUCAUW	STREME-4	2.3e-006	ENSMUSG00000042742	13.56	fp	0
4-CCAUCAUW	STREME-4	2.3e-006	ENSMUSG00000042508	13.56	fp	0
4-CCAUCAUW	STREME-4	2.3e-006	ENSMUSG00000062761	13.56	fp	0
4-CCAUCAUW	STREME-4	2.3e-006	ENSMUSG00000026254	13.56	fp	0
4-CCAUCAUW	STREME-4	2.3e-006	ENSMUSG00000028986	13.56	fp	0
4-CCAUCAUW	STREME-4	2.3e-006	ENSMUSG00000030516	13.56	fp	0
4-CCAUCAUW	STREME-4	2.3e-006	ENSMUSG00000038957	13.56	fp	0
4-CCAUCAUW	STREME-4	2.3e-006	ENSMUSG00000063142	13.56	fp	0
4-CCAUCAUW	STREME-4	2.3e-006	ENSMUSG00000024002	13.56	fp	0
4-CCAUCAUW	STREME-4	2.3e-006	ENSMUSG00000053253	13.56	fp	0
4-CCAUCAUW	STREME-4	2.3e-006	ENSMUSG00000027522	13.56	fp	0
4-CCAUCAUW	STREME-4	2.3e-006	ENSMUSG00000030042	13.56	fp	0
4-CCAUCAUW	STREME-4	2.3e-006	ENSMUSG00000047036	13.56	fp	0
4-CCAUCAUW	STREME-4	2.3e-006	ENSMUSG00000027479	13.56	fp	0
4-CCAUCAUW	STREME-4	2.3e-006	ENSMUSG00000021733	13.56	fp	0
4-CCAUCAUW	STREME-4	2.3e-006	ENSMUSG00000039703	13.56	fp	0
4-CCAUCAUW	STREME-4	2.3e-006	ENSMUSG00000057406	13.56	fp	0
4-CCAUCAUW	STREME-4	2.3e-006	ENSMUSG00000059482	13.56	fp	0
4-CCAUCAUW	STREME-4	2.3e-006	ENSMUSG00000021460	13.56	fp	0
4-CCAUCAUW	STREME-4	2.3e-006	ENSMUSG00000044349	13.56	fp	0
4-CCAUCAUW	STREME-4	2.3e-006	ENSMUSG00000028034	13.56	fp	0
4-CCAUCAUW	STREME-4	2.3e-006	ENSMUSG00000028760	13.56	fp	0
4-CCAUCAUW	STREME-4	2.3e-006	ENSMUSG00000052688	13.56	fp	0
4-CCAUCAUW	STREME-4	2.3e-006	ENSMUSG00000038095	13.56	fp	0
4-CCAUCAUW	STREME-4	2.3e-006	ENSMUSG00000006169	13.56	fp	0
4-CCAUCAUW	STREME-4	2.3e-006	ENSMUSG00000030341	13.56	fp	0
4-CCAUCAUW	STREME-4	2.3e-006	ENSMUSG00000024664	13.56	fp	0
4-CCAUCAUW	STREME-4	2.3e-006	ENSMUSG00000067586	13.56	fp	0
4-CCAUCAUW	STREME-4	2.3e-006	ENSMUSG00000027430	13.56	fp	0
4-CCAUCAUW	STREME-4	2.3e-006	ENSMUSG00000037172	13.56	fp	0
4-CCAUCAUW	STREME-4	2.3e-006	ENSMUSG00000029629	13.56	fp	0
4-CCAUCAUW	STREME-4	2.3e-006	ENSMUSG00000021577	13.56	fp	0
4-CCAUCAUW	STREME-4	2.3e-006	ENSMUSG00000029860	13.56	fp	0
4-CCAUCAUW	STREME-4	2.3e-006	ENSMUSG00000032086	13.56	fp	0
4-CCAUCAUW	STREME-4	2.3e-006	ENSMUSG00000041891	13.56	fp	0
4-CCAUCAUW	STREME-4	2.3e-006	ENSMUSG00000020053	13.56	fp	0
4-CCAUCAUW	STREME-4	2.3e-006	ENSMUSG00000025241	13.56	fp	0
4-CCAUCAUW	STREME-4	2.3e-006	ENSMUSG00000031229	13.56	fp	0
4-CCAUCAUW	STREME-4	2.3e-006	ENSMUSG00000026509	13.56	fp	0
4-CCAUCAUW	STREME-4	2.3e-006	ENSMUSG00000047879	13.56	fp	0
4-CCAUCAUW	STREME-4	2.3e-006	ENSMUSG00000035566	13.56	fp	0
4-CCAUCAUW	STREME-4	2.3e-006	ENSMUSG00000025964	13.56	fp	0
4-CCAUCAUW	STREME-4	2.3e-006	ENSMUSG00000017286	13.56	fp	0
4-CCAUCAUW	STREME-4	2.3e-006	ENSMUSG00000028211	13.56	fp	0
4-CCAUCAUW	STREME-4	2.3e-006	ENSMUSG00000024983	13.56	fp	0
4-CCAUCAUW	STREME-4	2.3e-006	ENSMUSG00000024533	13.56	fp	0
4-CCAUCAUW	STREME-4	2.3e-006	ENSMUSG00000060032	13.56	fp	0
4-CCAUCAUW	STREME-4	2.3e-006	ENSMUSG00000029227	13.56	fp	0
4-CCAUCAUW	STREME-4	2.3e-006	ENSMUSG00000021929	13.56	fp	0
4-CCAUCAUW	STREME-4	2.3e-006	ENSMUSG00000078923	13.56	fp	0
4-CCAUCAUW	STREME-4	2.3e-006	ENSMUSG00000026185	13.56	fp	0
4-CCAUCAUW	STREME-4	2.3e-006	ENSMUSG00000001089	13.56	fp	0
4-CCAUCAUW	STREME-4	2.3e-006	ENSMUSG00000037536	13.56	fp	0
4-CCAUCAUW	STREME-4	2.3e-006	ENSMUSG00000010803	13.56	fp	0
4-CCAUCAUW	STREME-4	2.3e-006	ENSMUSG00000027519	13.56	fp	0
4-CCAUCAUW	STREME-4	2.3e-006	ENSMUSG00000051736	13.56	fp	0
4-CCAUCAUW	STREME-4	2.3e-006	ENSMUSG00000024065	13.56	fp	0
4-CCAUCAUW	STREME-4	2.3e-006	ENSMUSG00000037788	13.56	fp	0
4-CCAUCAUW	STREME-4	2.3e-006	ENSMUSG00000059146	13.56	fp	0
4-CCAUCAUW	STREME-4	2.3e-006	ENSMUSG00000038619	13.56	fp	0
4-CCAUCAUW	STREME-4	2.3e-006	ENSMUSG00000026389	13.56	fp	0
4-CCAUCAUW	STREME-4	2.3e-006	ENSMUSG00000019873	13.56	fp	0
4-CCAUCAUW	STREME-4	2.3e-006	ENSMUSG00000036469	13.56	fp	0
4-CCAUCAUW	STREME-4	2.3e-006	ENSMUSG00000037339	13.56	fp	0
4-CCAUCAUW	STREME-4	2.3e-006	ENSMUSG00000031772	13.56	fp	0
4-CCAUCAUW	STREME-4	2.3e-006	ENSMUSG00000040407	13.56	fp	0
4-CCAUCAUW	STREME-4	2.3e-006	ENSMUSG00000054920	13.56	fp	0
4-CCAUCAUW	STREME-4	2.3e-006	ENSMUSG00000029655	13.56	fp	0
4-CCAUCAUW	STREME-4	2.3e-006	ENSMUSG00000034674	13.56	fp	0
4-CCAUCAUW	STREME-4	2.3e-006	ENSMUSG00000023307	13.56	fp	0
4-CCAUCAUW	STREME-4	2.3e-006	ENSMUSG00000023973	13.56	fp	0
4-CCAUCAUW	STREME-4	2.3e-006	ENSMUSG00000037935	13.56	fp	0
4-CCAUCAUW	STREME-4	2.3e-006	ENSMUSG00000060961	13.56	fp	0
4-CCAUCAUW	STREME-4	2.3e-006	ENSMUSG00000063760	13.56	fp	0
4-CCAUCAUW	STREME-4	2.3e-006	ENSMUSG00000036815	13.56	fp	0
4-CCAUCAUW	STREME-4	2.3e-006	ENSMUSG00000018412	13.56	fp	0
4-CCAUCAUW	STREME-4	2.3e-006	ENSMUSG00000053141	13.56	fp	0
4-CCAUCAUW	STREME-4	2.3e-006	ENSMUSG00000021598	13.56	fp	0
4-CCAUCAUW	STREME-4	2.3e-006	ENSMUSG00000031352	13.56	fp	0
4-CCAUCAUW	STREME-4	2.3e-006	ENSMUSG00000050144	13.56	fp	0
4-CCAUCAUW	STREME-4	2.3e-006	ENSMUSG00000029840	13.56	fp	0
4-CCAUCAUW	STREME-4	2.3e-006	ENSMUSG00000061244	13.56	fp	0
4-CCAUCAUW	STREME-4	2.3e-006	ENSMUSG00000019775	13.56	fp	0
4-CCAUCAUW	STREME-4	2.3e-006	ENSMUSG00000033004	13.56	fp	0
4-CCAUCAUW	STREME-4	2.3e-006	ENSMUSG00000040724	13.56	fp	0
4-CCAUCAUW	STREME-4	2.3e-006	ENSMUSG00000001986	13.56	fp	0
4-CCAUCAUW	STREME-4	2.3e-006	ENSMUSG00000052707	13.56	fp	0
4-CCAUCAUW	STREME-4	2.3e-006	ENSMUSG00000026991	13.56	fp	0
4-CCAUCAUW	STREME-4	2.3e-006	ENSMUSG00000044708	13.56	fp	0
4-CCAUCAUW	STREME-4	2.3e-006	ENSMUSG00000036291	13.56	fp	0
4-CCAUCAUW	STREME-4	2.3e-006	ENSMUSG00000028488	13.56	fp	0
4-CCAUCAUW	STREME-4	2.3e-006	ENSMUSG00000042035	13.56	fp	0
4-CCAUCAUW	STREME-4	2.3e-006	ENSMUSG00000000632	13.56	fp	0
4-CCAUCAUW	STREME-4	2.3e-006	ENSMUSG00000022797	13.56	fp	0
4-CCAUCAUW	STREME-4	2.3e-006	ENSMUSG00000040151	13.56	fp	0
4-CCAUCAUW	STREME-4	2.3e-006	ENSMUSG00000027893	13.56	fp	0
4-CCAUCAUW	STREME-4	2.3e-006	ENSMUSG00000021057	13.56	fp	0
4-CCAUCAUW	STREME-4	2.3e-006	ENSMUSG00000019943	13.56	fp	0
4-CCAUCAUW	STREME-4	2.3e-006	ENSMUSG00000038503	13.56	fp	0
4-CCAUCAUW	STREME-4	2.3e-006	ENSMUSG00000029146	13.56	fp	0
4-CCAUCAUW	STREME-4	2.3e-006	ENSMUSG00000028030	13.56	fp	0
4-CCAUCAUW	STREME-4	2.3e-006	ENSMUSG00000044465	13.56	fp	0
4-CCAUCAUW	STREME-4	2.3e-006	ENSMUSG00000025939	13.56	fp	0
4-CCAUCAUW	STREME-4	2.3e-006	ENSMUSG00000019810	13.56	fp	0
4-CCAUCAUW	STREME-4	2.3e-006	ENSMUSG00000019970	13.56	fp	0
4-CCAUCAUW	STREME-4	2.3e-006	ENSMUSG00000068205	13.56	fp	0
4-CCAUCAUW	STREME-4	2.3e-006	ENSMUSG00000031133	13.15	tp	0
4-CCAUCAUW	STREME-4	2.3e-006	ENSMUSG00000030275	13.15	fp	0
4-CCAUCAUW	STREME-4	2.3e-006	ENSMUSG00000053025	13.15	fp	0
4-CCAUCAUW	STREME-4	2.3e-006	ENSMUSG00000021303	13.15	fp	0
4-CCAUCAUW	STREME-4	2.3e-006	ENSMUSG00000021838	13.15	fp	0
4-CCAUCAUW	STREME-4	2.3e-006	ENSMUSG00000048234	13.15	fp	0
4-CCAUCAUW	STREME-4	2.3e-006	ENSMUSG00000045103	13.15	fp	0
4-CCAUCAUW	STREME-4	2.3e-006	ENSMUSG00000032116	13.15	fp	0
4-CCAUCAUW	STREME-4	2.3e-006	ENSMUSG00000025421	13.15	fp	0
4-CCAUCAUW	STREME-4	2.3e-006	ENSMUSG00000028399	13.15	fp	0
4-CCAUCAUW	STREME-4	2.3e-006	ENSMUSG00000020863	13.15	fp	0
4-CCAUCAUW	STREME-4	2.3e-006	ENSMUSG00000029203	13.15	fp	0
4-CCAUCAUW	STREME-4	2.3e-006	ENSMUSG00000000568	13.15	fp	0
4-CCAUCAUW	STREME-4	2.3e-006	ENSMUSG00000035877	13.15	fp	0
4-CCAUCAUW	STREME-4	2.3e-006	ENSMUSG00000021770	13.15	fp	0
4-CCAUCAUW	STREME-4	2.3e-006	ENSMUSG00000072214	13.15	fp	0
4-CCAUCAUW	STREME-4	2.3e-006	ENSMUSG00000020659	13.15	fp	0
4-CCAUCAUW	STREME-4	2.3e-006	ENSMUSG00000036792	13.15	fp	0
4-CCAUCAUW	STREME-4	2.3e-006	ENSMUSG00000022340	13.15	fp	0
4-CCAUCAUW	STREME-4	2.3e-006	ENSMUSG00000005615	13.15	fp	0
4-CCAUCAUW	STREME-4	2.3e-006	ENSMUSG00000069094	13.15	fp	0
4-CCAUCAUW	STREME-4	2.3e-006	ENSMUSG00000021149	13.15	fp	0
4-CCAUCAUW	STREME-4	2.3e-006	ENSMUSG00000066037	13.15	fp	0
4-CCAUCAUW	STREME-4	2.3e-006	ENSMUSG00000022122	13.15	fp	0
4-CCAUCAUW	STREME-4	2.3e-006	ENSMUSG00000020598	13.15	fp	0
4-CCAUCAUW	STREME-4	2.3e-006	ENSMUSG00000037740	13.15	fp	0
4-CCAUCAUW	STREME-4	2.3e-006	ENSMUSG00000052926	13.15	fp	0
4-CCAUCAUW	STREME-4	2.3e-006	ENSMUSG00000041241	13.15	fp	0
4-CCAUCAUW	STREME-4	2.3e-006	ENSMUSG00000022995	13.15	fp	0
4-CCAUCAUW	STREME-4	2.3e-006	ENSMUSG00000039934	13.15	fp	0
4-CCAUCAUW	STREME-4	2.3e-006	ENSMUSG00000023106	13.15	fp	0
4-CCAUCAUW	STREME-4	2.3e-006	ENSMUSG00000031479	13.15	fp	0
4-CCAUCAUW	STREME-4	2.3e-006	ENSMUSG00000027306	13.15	fp	0
4-CCAUCAUW	STREME-4	2.3e-006	ENSMUSG00000026361	13.15	fp	0
4-CCAUCAUW	STREME-4	2.3e-006	ENSMUSG00000036095	13.15	fp	0
4-CCAUCAUW	STREME-4	2.3e-006	ENSMUSG00000021750	13.15	fp	0
4-CCAUCAUW	STREME-4	2.3e-006	ENSMUSG00000026754	13.15	fp	0
4-CCAUCAUW	STREME-4	2.3e-006	ENSMUSG00000032329	13.15	fp	0
4-CCAUCAUW	STREME-4	2.3e-006	ENSMUSG00000021613	13.15	fp	0
4-CCAUCAUW	STREME-4	2.3e-006	ENSMUSG00000044408	13.15	fp	0
4-CCAUCAUW	STREME-4	2.3e-006	ENSMUSG00000021113	13.15	fp	0
4-CCAUCAUW	STREME-4	2.3e-006	ENSMUSG00000055254	13.15	fp	0
4-CCAUCAUW	STREME-4	2.3e-006	ENSMUSG00000032567	13.01	tp	0
4-CCAUCAUW	STREME-4	2.3e-006	ENSMUSG00000025937	13.01	fp	0
4-CCAUCAUW	STREME-4	2.3e-006	ENSMUSG00000070544	13.01	fp	0
4-CCAUCAUW	STREME-4	2.3e-006	ENSMUSG00000040037	13.01	fp	0
4-CCAUCAUW	STREME-4	2.3e-006	ENSMUSG00000038323	13.01	fp	0
4-CCAUCAUW	STREME-4	2.3e-006	ENSMUSG00000015944	13.01	fp	0
4-CCAUCAUW	STREME-4	2.3e-006	ENSMUSG00000025104	13.01	fp	0
4-CCAUCAUW	STREME-4	2.3e-006	ENSMUSG00000023951	13.01	fp	0
4-CCAUCAUW	STREME-4	2.3e-006	ENSMUSG00000035311	13.01	fp	0
4-CCAUCAUW	STREME-4	2.3e-006	ENSMUSG00000029071	13.01	fp	0
4-CCAUCAUW	STREME-4	2.3e-006	ENSMUSG00000039191	13.01	fp	0
4-CCAUCAUW	STREME-4	2.3e-006	ENSMUSG00000068923	13.01	fp	0
4-CCAUCAUW	STREME-4	2.3e-006	ENSMUSG00000043885	13.01	fp	0
4-CCAUCAUW	STREME-4	2.3e-006	ENSMUSG00000041028	13.01	fp	0
4-CCAUCAUW	STREME-4	2.3e-006	ENSMUSG00000038375	13.01	fp	0
4-CCAUCAUW	STREME-4	2.3e-006	ENSMUSG00000034730	13.01	fp	0
4-CCAUCAUW	STREME-4	2.3e-006	ENSMUSG00000002825	13.01	fp	0
4-CCAUCAUW	STREME-4	2.3e-006	ENSMUSG00000017288	13.01	fp	0
4-CCAUCAUW	STREME-4	2.3e-006	ENSMUSG00000003435	13.01	fp	0
4-CCAUCAUW	STREME-4	2.3e-006	ENSMUSG00000026640	13.01	fp	0
4-CCAUCAUW	STREME-4	2.3e-006	ENSMUSG00000027523	13.01	fp	0
4-CCAUCAUW	STREME-4	2.3e-006	ENSMUSG00000001627	13.01	fp	0
4-CCAUCAUW	STREME-4	2.3e-006	ENSMUSG00000030970	13.01	fp	0
4-CCAUCAUW	STREME-4	2.3e-006	ENSMUSG00000038520	13.01	fp	0
4-CCAUCAUW	STREME-4	2.3e-006	ENSMUSG00000024816	13.01	fp	0
4-CCAUCAUW	STREME-4	2.3e-006	ENSMUSG00000029426	13.01	fp	0
4-CCAUCAUW	STREME-4	2.3e-006	ENSMUSG00000038393	13.01	fp	0
4-CCAUCAUW	STREME-4	2.3e-006	ENSMUSG00000019868	13.01	fp	0
4-CCAUCAUW	STREME-4	2.3e-006	ENSMUSG00000025235	13.01	fp	0
4-CCAUCAUW	STREME-4	2.3e-006	ENSMUSG00000039361	13.01	fp	0
4-CCAUCAUW	STREME-4	2.3e-006	ENSMUSG00000029461	13.01	fp	0
4-CCAUCAUW	STREME-4	2.3e-006	ENSMUSG00000025978	13.01	fp	0
4-CCAUCAUW	STREME-4	2.3e-006	ENSMUSG00000002274	13.01	fp	0
4-CCAUCAUW	STREME-4	2.3e-006	ENSMUSG00000024286	13.01	fp	0
4-CCAUCAUW	STREME-4	2.3e-006	ENSMUSG00000067787	13.01	fp	0
4-CCAUCAUW	STREME-4	2.3e-006	ENSMUSG00000028927	13.01	fp	0
4-CCAUCAUW	STREME-4	2.3e-006	ENSMUSG00000021959	13.01	fp	0
4-CCAUCAUW	STREME-4	2.3e-006	ENSMUSG00000025092	13.01	fp	0
4-CCAUCAUW	STREME-4	2.3e-006	ENSMUSG00000057572	13.01	fp	0
4-CCAUCAUW	STREME-4	2.3e-006	ENSMUSG00000074212	13.01	fp	0
4-CCAUCAUW	STREME-4	2.3e-006	ENSMUSG00000022674	13.01	fp	0
4-CCAUCAUW	STREME-4	2.3e-006	ENSMUSG00000055204	13.01	fp	0
4-CCAUCAUW	STREME-4	2.3e-006	ENSMUSG00000042873	13.01	fp	0
4-CCAUCAUW	STREME-4	2.3e-006	ENSMUSG00000033059	13.01	fp	0
4-CCAUCAUW	STREME-4	2.3e-006	ENSMUSG00000020818	13.01	fp	0
4-CCAUCAUW	STREME-4	2.3e-006	ENSMUSG00000067242	13.01	fp	0
4-CCAUCAUW	STREME-4	2.3e-006	ENSMUSG00000024743	13.01	fp	0
4-CCAUCAUW	STREME-4	2.3e-006	ENSMUSG00000020873	13.01	fp	0
4-CCAUCAUW	STREME-4	2.3e-006	ENSMUSG00000003731	13.01	fp	0
4-CCAUCAUW	STREME-4	2.3e-006	ENSMUSG00000043671	13.01	fp	0
4-CCAUCAUW	STREME-4	2.3e-006	ENSMUSG00000002028	13.01	fp	0
4-CCAUCAUW	STREME-4	2.3e-006	ENSMUSG00000029207	13.01	fp	0
4-CCAUCAUW	STREME-4	2.3e-006	ENSMUSG00000029156	13.01	fp	0
4-CCAUCAUW	STREME-4	2.3e-006	ENSMUSG00000022412	13.01	fp	0
4-CCAUCAUW	STREME-4	2.3e-006	ENSMUSG00000027829	13.01	fp	0
4-CCAUCAUW	STREME-4	2.3e-006	ENSMUSG00000021140	13.01	fp	0
4-CCAUCAUW	STREME-4	2.3e-006	ENSMUSG00000004071	13.01	fp	0
4-CCAUCAUW	STREME-4	2.3e-006	ENSMUSG00000045777	13.01	fp	0
4-CCAUCAUW	STREME-4	2.3e-006	ENSMUSG00000061286	13.01	fp	0
4-CCAUCAUW	STREME-4	2.3e-006	ENSMUSG00000029705	13.01	fp	0
4-CCAUCAUW	STREME-4	2.3e-006	ENSMUSG00000030032	13.01	fp	0
4-CCAUCAUW	STREME-4	2.3e-006	ENSMUSG00000025261	13.01	fp	0
4-CCAUCAUW	STREME-4	2.3e-006	ENSMUSG00000048058	13.01	fp	0
4-CCAUCAUW	STREME-4	2.3e-006	ENSMUSG00000009569	13.01	fp	0
4-CCAUCAUW	STREME-4	2.3e-006	ENSMUSG00000024462	13.01	fp	0
4-CCAUCAUW	STREME-4	2.3e-006	ENSMUSG00000070372	13.01	fp	0
4-CCAUCAUW	STREME-4	2.3e-006	ENSMUSG00000020268	13.01	fp	0
4-CCAUCAUW	STREME-4	2.3e-006	ENSMUSG00000003575	13.01	fp	0
4-CCAUCAUW	STREME-4	2.3e-006	ENSMUSG00000075701	13.01	fp	0
4-CCAUCAUW	STREME-4	2.3e-006	ENSMUSG00000038398	13.01	fp	0
4-CCAUCAUW	STREME-4	2.3e-006	ENSMUSG00000026554	13.01	fp	0
4-CCAUCAUW	STREME-4	2.3e-006	ENSMUSG00000016933	13.01	fp	0
4-CCAUCAUW	STREME-4	2.3e-006	ENSMUSG00000002981	13.01	fp	0
4-CCAUCAUW	STREME-4	2.3e-006	ENSMUSG00000045973	13.01	fp	0
4-CCAUCAUW	STREME-4	2.3e-006	ENSMUSG00000027782	13.01	fp	0
4-CCAUCAUW	STREME-4	2.3e-006	ENSMUSG00000044700	13.01	fp	0
4-CCAUCAUW	STREME-4	2.3e-006	ENSMUSG00000032582	13.01	fp	0
4-CCAUCAUW	STREME-4	2.3e-006	ENSMUSG00000017144	13.01	fp	0
4-CCAUCAUW	STREME-4	2.3e-006	ENSMUSG00000003865	13.01	fp	0
4-CCAUCAUW	STREME-4	2.3e-006	ENSMUSG00000019986	13.01	fp	0
4-CCAUCAUW	STREME-4	2.3e-006	ENSMUSG00000028134	13.01	fp	0
4-CCAUCAUW	STREME-4	2.3e-006	ENSMUSG00000045107	13.01	fp	0
4-CCAUCAUW	STREME-4	2.3e-006	ENSMUSG00000019947	13.01	fp	0
4-CCAUCAUW	STREME-4	2.3e-006	ENSMUSG00000075415	13.01	fp	0
4-CCAUCAUW	STREME-4	2.3e-006	ENSMUSG00000017747	13.01	fp	0
4-CCAUCAUW	STREME-4	2.3e-006	ENSMUSG00000031600	13.01	fp	0
4-CCAUCAUW	STREME-4	2.3e-006	ENSMUSG00000030621	13.01	fp	0
4-CCAUCAUW	STREME-4	2.3e-006	ENSMUSG00000046844	13.01	fp	0
4-CCAUCAUW	STREME-4	2.3e-006	ENSMUSG00000021236	13.01	fp	0
4-CCAUCAUW	STREME-4	2.3e-006	ENSMUSG00000017412	13.01	fp	0
4-CCAUCAUW	STREME-4	2.3e-006	ENSMUSG00000029571	13.01	fp	0
4-CCAUCAUW	STREME-4	2.3e-006	ENSMUSG00000079056	13.01	fp	0
4-CCAUCAUW	STREME-4	2.3e-006	ENSMUSG00000023025	13.01	fp	0
4-CCAUCAUW	STREME-4	2.3e-006	ENSMUSG00000030265	13.01	fp	0
4-CCAUCAUW	STREME-4	2.3e-006	ENSMUSG00000038909	13.01	fp	0
4-CCAUCAUW	STREME-4	2.3e-006	ENSMUSG00000042790	13.01	fp	0
4-CCAUCAUW	STREME-4	2.3e-006	ENSMUSG00000019590	13.01	fp	0
4-CCAUCAUW	STREME-4	2.3e-006	ENSMUSG00000052040	13.01	fp	0
4-CCAUCAUW	STREME-4	2.3e-006	ENSMUSG00000062014	13.01	fp	0
4-CCAUCAUW	STREME-4	2.3e-006	ENSMUSG00000031748	13.01	fp	0
4-CCAUCAUW	STREME-4	2.3e-006	ENSMUSG00000051232	13.01	fp	0
4-CCAUCAUW	STREME-4	2.3e-006	ENSMUSG00000022403	13.01	fp	0
4-CCAUCAUW	STREME-4	2.3e-006	ENSMUSG00000030701	13.01	fp	0
4-CCAUCAUW	STREME-4	2.3e-006	ENSMUSG00000024558	13.01	fp	0
4-CCAUCAUW	STREME-4	2.3e-006	ENSMUSG00000042207	13.01	fp	0
4-CCAUCAUW	STREME-4	2.3e-006	ENSMUSG00000029577	13.01	fp	0
4-CCAUCAUW	STREME-4	2.3e-006	ENSMUSG00000022816	13.01	fp	0
4-CCAUCAUW	STREME-4	2.3e-006	ENSMUSG00000020658	13.01	fp	0
4-CCAUCAUW	STREME-4	2.3e-006	ENSMUSG00000019188	13.01	fp	0
4-CCAUCAUW	STREME-4	2.3e-006	ENSMUSG00000029778	13.01	fp	0
4-CCAUCAUW	STREME-4	2.3e-006	ENSMUSG00000048142	13.01	fp	0
4-CCAUCAUW	STREME-4	2.3e-006	ENSMUSG00000043411	13.01	fp	0
4-CCAUCAUW	STREME-4	2.3e-006	ENSMUSG00000045410	13.01	fp	0
4-CCAUCAUW	STREME-4	2.3e-006	ENSMUSG00000038982	13.01	fp	0
4-CCAUCAUW	STREME-4	2.3e-006	ENSMUSG00000038023	13.01	fp	0
4-CCAUCAUW	STREME-4	2.3e-006	ENSMUSG00000020198	13.01	fp	0
4-CCAUCAUW	STREME-4	2.3e-006	ENSMUSG00000028233	13.01	fp	0
4-CCAUCAUW	STREME-4	2.3e-006	ENSMUSG00000049791	12.77	tp	0
4-CCAUCAUW	STREME-4	2.3e-006	ENSMUSG00000067279	12.77	fp	0
4-CCAUCAUW	STREME-4	2.3e-006	ENSMUSG00000033960	12.77	fp	0
4-CCAUCAUW	STREME-4	2.3e-006	ENSMUSG00000054640	12.77	fp	0
4-CCAUCAUW	STREME-4	2.3e-006	ENSMUSG00000036093	12.77	fp	0
4-CCAUCAUW	STREME-4	2.3e-006	ENSMUSG00000005299	12.77	fp	0
4-CCAUCAUW	STREME-4	2.3e-006	ENSMUSG00000024614	12.77	fp	0
4-CCAUCAUW	STREME-4	2.3e-006	ENSMUSG00000015709	12.77	fp	0
4-CCAUCAUW	STREME-4	2.3e-006	ENSMUSG00000117310	12.77	fp	0
4-CCAUCAUW	STREME-4	2.3e-006	ENSMUSG00000017291	12.77	fp	0
4-CCAUCAUW	STREME-4	2.3e-006	ENSMUSG00000021234	12.77	fp	0
4-CCAUCAUW	STREME-4	2.3e-006	ENSMUSG00000029454	12.77	fp	0
4-CCAUCAUW	STREME-4	2.3e-006	ENSMUSG00000021694	12.77	fp	0
4-CCAUCAUW	STREME-4	2.3e-006	ENSMUSG00000059811	12.77	fp	0
4-CCAUCAUW	STREME-4	2.3e-006	ENSMUSG00000032058	12.77	fp	0
4-CCAUCAUW	STREME-4	2.3e-006	ENSMUSG00000024241	12.77	fp	0
4-CCAUCAUW	STREME-4	2.3e-006	ENSMUSG00000019951	12.77	fp	0
4-CCAUCAUW	STREME-4	2.3e-006	ENSMUSG00000026880	12.77	fp	0
4-CCAUCAUW	STREME-4	2.3e-006	ENSMUSG00000034275	12.77	fp	0
4-CCAUCAUW	STREME-4	2.3e-006	ENSMUSG00000034912	12.77	fp	0
4-CCAUCAUW	STREME-4	2.3e-006	ENSMUSG00000074698	12.77	fp	0
4-CCAUCAUW	STREME-4	2.3e-006	ENSMUSG00000034152	12.77	fp	0
4-CCAUCAUW	STREME-4	2.3e-006	ENSMUSG00000032097	12.77	fp	0
4-CCAUCAUW	STREME-4	2.3e-006	ENSMUSG00000001440	12.77	fp	0
4-CCAUCAUW	STREME-4	2.3e-006	ENSMUSG00000021578	12.77	fp	0
4-CCAUCAUW	STREME-4	2.3e-006	ENSMUSG00000021843	12.77	fp	0
4-CCAUCAUW	STREME-4	2.3e-006	ENSMUSG00000034168	12.77	fp	0
4-CCAUCAUW	STREME-4	2.3e-006	ENSMUSG00000031232	12.77	fp	0
4-CCAUCAUW	STREME-4	2.3e-006	ENSMUSG00000068747	12.77	fp	0
4-CCAUCAUW	STREME-4	2.3e-006	ENSMUSG00000062762	12.77	fp	0
4-CCAUCAUW	STREME-4	2.3e-006	ENSMUSG00000023960	12.77	fp	0
4-CCAUCAUW	STREME-4	2.3e-006	ENSMUSG00000072501	12.77	fp	0
4-CCAUCAUW	STREME-4	2.3e-006	ENSMUSG00000035033	12.77	fp	0
4-CCAUCAUW	STREME-4	2.3e-006	ENSMUSG00000000134	12.77	fp	0
4-CCAUCAUW	STREME-4	2.3e-006	ENSMUSG00000028953	12.77	fp	0
4-CCAUCAUW	STREME-4	2.3e-006	ENSMUSG00000028546	12.77	fp	0
4-CCAUCAUW	STREME-4	2.3e-006	ENSMUSG00000022680	12.77	fp	0
4-CCAUCAUW	STREME-4	2.3e-006	ENSMUSG00000013275	12.77	fp	0
4-CCAUCAUW	STREME-4	2.3e-006	ENSMUSG00000003119	12.77	fp	0
4-CCAUCAUW	STREME-4	2.3e-006	ENSMUSG00000055013	12.77	fp	0
4-CCAUCAUW	STREME-4	2.3e-006	ENSMUSG00000026827	12.77	fp	0
4-CCAUCAUW	STREME-4	2.3e-006	ENSMUSG00000033450	12.77	fp	0
4-CCAUCAUW	STREME-4	2.3e-006	ENSMUSG00000016257	12.77	fp	0
4-CCAUCAUW	STREME-4	2.3e-006	ENSMUSG00000032375	12.77	fp	0
4-CCAUCAUW	STREME-4	2.3e-006	ENSMUSG00000027506	12.77	fp	0
4-CCAUCAUW	STREME-4	2.3e-006	ENSMUSG00000029875	12.77	fp	0
4-CCAUCAUW	STREME-4	2.3e-006	ENSMUSG00000040430	12.77	fp	0
4-CCAUCAUW	STREME-4	2.3e-006	ENSMUSG00000067336	12.77	fp	0
4-CCAUCAUW	STREME-4	2.3e-006	ENSMUSG00000031441	12.77	fp	0
4-CCAUCAUW	STREME-4	2.3e-006	ENSMUSG00000024150	12.77	fp	0
4-CCAUCAUW	STREME-4	2.3e-006	ENSMUSG00000029684	12.77	fp	0
4-CCAUCAUW	STREME-4	2.3e-006	ENSMUSG00000027834	12.77	fp	0
4-CCAUCAUW	STREME-4	2.3e-006	ENSMUSG00000035212	12.77	fp	0
4-CCAUCAUW	STREME-4	2.3e-006	ENSMUSG00000027660	12.77	fp	0
4-CCAUCAUW	STREME-4	2.3e-006	ENSMUSG00000030428	12.77	fp	0
4-CCAUCAUW	STREME-4	2.3e-006	ENSMUSG00000029209	12.77	fp	0
4-CCAUCAUW	STREME-4	2.3e-006	ENSMUSG00000027499	12.77	fp	0
4-CCAUCAUW	STREME-4	2.3e-006	ENSMUSG00000089704	12.77	fp	0
4-CCAUCAUW	STREME-4	2.3e-006	ENSMUSG00000026080	12.77	fp	0
4-CCAUCAUW	STREME-4	2.3e-006	ENSMUSG00000011831	12.77	fp	0
#
5-UCAUGGAUU	STREME-5	2.9e-006	ENSMUSG00000049791	17.20	tp	0
5-UCAUGGAUU	STREME-5	2.9e-006	ENSMUSG00000023963	17.20	tp	0
5-UCAUGGAUU	STREME-5	2.9e-006	ENSMUSG00000031133	17.20	tp	0
5-UCAUGGAUU	STREME-5	2.9e-006	ENSMUSG00000056073	17.20	fp	0
5-UCAUGGAUU	STREME-5	2.9e-006	ENSMUSG00000008575	17.20	fp	0
5-UCAUGGAUU	STREME-5	2.9e-006	ENSMUSG00000035248	17.20	fp	0
5-UCAUGGAUU	STREME-5	2.9e-006	ENSMUSG00000051695	17.20	fp	0
5-UCAUGGAUU	STREME-5	2.9e-006	ENSMUSG00000021831	17.20	fp	0
5-UCAUGGAUU	STREME-5	2.9e-006	ENSMUSG00000022255	17.20	fp	0
5-UCAUGGAUU	STREME-5	2.9e-006	ENSMUSG00000033900	17.20	fp	0
5-UCAUGGAUU	STREME-5	2.9e-006	ENSMUSG00000019852	17.20	fp	0
5-UCAUGGAUU	STREME-5	2.9e-006	ENSMUSG00000032612	17.20	fp	0
5-UCAUGGAUU	STREME-5	2.9e-006	ENSMUSG00000009575	17.20	fp	0
5-UCAUGGAUU	STREME-5	2.9e-006	ENSMUSG00000078307	17.20	fp	0
5-UCAUGGAUU	STREME-5	2.9e-006	ENSMUSG00000034275	17.20	fp	0
5-UCAUGGAUU	STREME-5	2.9e-006	ENSMUSG00000044502	17.20	fp	0
5-UCAUGGAUU	STREME-5	2.9e-006	ENSMUSG00000027386	17.20	fp	0
5-UCAUGGAUU	STREME-5	2.9e-006	ENSMUSG00000033577	17.20	fp	0
5-UCAUGGAUU	STREME-5	2.9e-006	ENSMUSG00000026104	17.20	fp	0
5-UCAUGGAUU	STREME-5	2.9e-006	ENSMUSG00000038733	17.20	fp	0
5-UCAUGGAUU	STREME-5	2.9e-006	ENSMUSG00000027671	17.20	fp	0
5-UCAUGGAUU	STREME-5	2.9e-006	ENSMUSG00000025261	17.20	fp	0
5-UCAUGGAUU	STREME-5	2.9e-006	ENSMUSG00000030522	17.20	fp	0
5-UCAUGGAUU	STREME-5	2.9e-006	ENSMUSG00000024579	17.20	fp	0
5-UCAUGGAUU	STREME-5	2.9e-006	ENSMUSG00000037996	17.20	fp	0
5-UCAUGGAUU	STREME-5	2.9e-006	ENSMUSG00000054863	17.20	fp	0
5-UCAUGGAUU	STREME-5	2.9e-006	ENSMUSG00000022299	17.20	fp	0
5-UCAUGGAUU	STREME-5	2.9e-006	ENSMUSG00000051285	17.20	fp	0
5-UCAUGGAUU	STREME-5	2.9e-006	ENSMUSG00000040724	17.20	fp	0
5-UCAUGGAUU	STREME-5	2.9e-006	ENSMUSG00000026782	17.20	fp	0
5-UCAUGGAUU	STREME-5	2.9e-006	ENSMUSG00000021939	17.20	fp	0
5-UCAUGGAUU	STREME-5	2.9e-006	ENSMUSG00000041712	17.20	fp	0
5-UCAUGGAUU	STREME-5	2.9e-006	ENSMUSG00000040118	17.20	fp	0
5-UCAUGGAUU	STREME-5	2.9e-006	ENSMUSG00000026626	17.20	fp	0
5-UCAUGGAUU	STREME-5	2.9e-006	ENSMUSG00000029778	17.20	fp	0
5-UCAUGGAUU	STREME-5	2.9e-006	ENSMUSG00000044465	17.20	fp	0
5-UCAUGGAUU	STREME-5	2.9e-006	ENSMUSG00000030725	15.49	tp	0
5-UCAUGGAUU	STREME-5	2.9e-006	ENSMUSG00000061911	15.49	fp	0
5-UCAUGGAUU	STREME-5	2.9e-006	ENSMUSG00000049047	15.49	fp	0
5-UCAUGGAUU	STREME-5	2.9e-006	ENSMUSG00000057181	15.49	fp	0
5-UCAUGGAUU	STREME-5	2.9e-006	ENSMUSG00000017421	15.49	fp	0
5-UCAUGGAUU	STREME-5	2.9e-006	ENSMUSG00000035133	15.49	fp	0
5-UCAUGGAUU	STREME-5	2.9e-006	ENSMUSG00000057561	15.49	fp	0
5-UCAUGGAUU	STREME-5	2.9e-006	ENSMUSG00000025199	15.49	fp	0
5-UCAUGGAUU	STREME-5	2.9e-006	ENSMUSG00000042198	15.49	fp	0
5-UCAUGGAUU	STREME-5	2.9e-006	ENSMUSG00000029516	15.49	fp	0
5-UCAUGGAUU	STREME-5	2.9e-006	ENSMUSG00000041515	15.49	fp	0
5-UCAUGGAUU	STREME-5	2.9e-006	ENSMUSG00000026553	15.49	fp	0
5-UCAUGGAUU	STREME-5	2.9e-006	ENSMUSG00000022708	15.49	fp	0
5-UCAUGGAUU	STREME-5	2.9e-006	ENSMUSG00000032116	15.49	fp	0
5-UCAUGGAUU	STREME-5	2.9e-006	ENSMUSG00000026219	15.49	fp	0
5-UCAUGGAUU	STREME-5	2.9e-006	ENSMUSG00000028399	15.49	fp	0
5-UCAUGGAUU	STREME-5	2.9e-006	ENSMUSG00000067787	15.49	fp	0
5-UCAUGGAUU	STREME-5	2.9e-006	ENSMUSG00000000058	15.49	fp	0
5-UCAUGGAUU	STREME-5	2.9e-006	ENSMUSG00000019087	15.49	fp	0
5-UCAUGGAUU	STREME-5	2.9e-006	ENSMUSG00000029407	15.49	fp	0
5-UCAUGGAUU	STREME-5	2.9e-006	ENSMUSG00000021830	15.49	fp	0
5-UCAUGGAUU	STREME-5	2.9e-006	ENSMUSG00000039630	15.49	fp	0
5-UCAUGGAUU	STREME-5	2.9e-006	ENSMUSG00000059263	15.49	fp	0
5-UCAUGGAUU	STREME-5	2.9e-006	ENSMUSG00000072501	15.49	fp	0
5-UCAUGGAUU	STREME-5	2.9e-006	ENSMUSG00000027706	15.49	fp	0
5-UCAUGGAUU	STREME-5	2.9e-006	ENSMUSG00000042605	15.49	fp	0
5-UCAUGGAUU	STREME-5	2.9e-006	ENSMUSG00000020458	15.49	fp	0
5-UCAUGGAUU	STREME-5	2.9e-006	ENSMUSG00000031010	15.49	fp	0
5-UCAUGGAUU	STREME-5	2.9e-006	ENSMUSG00000068732	15.49	fp	0
5-UCAUGGAUU	STREME-5	2.9e-006	ENSMUSG00000009647	15.49	fp	0
5-UCAUGGAUU	STREME-5	2.9e-006	ENSMUSG00000036402	15.49	fp	0
5-UCAUGGAUU	STREME-5	2.9e-006	ENSMUSG00000026585	15.49	fp	0
5-UCAUGGAUU	STREME-5	2.9e-006	ENSMUSG00000063760	15.49	fp	0
5-UCAUGGAUU	STREME-5	2.9e-006	ENSMUSG00000026827	15.49	fp	0
5-UCAUGGAUU	STREME-5	2.9e-006	ENSMUSG00000047037	15.49	fp	0
5-UCAUGGAUU	STREME-5	2.9e-006	ENSMUSG00000067336	15.49	fp	0
5-UCAUGGAUU	STREME-5	2.9e-006	ENSMUSG00000002997	15.49	fp	0
5-UCAUGGAUU	STREME-5	2.9e-006	ENSMUSG00000094483	15.49	fp	0
5-UCAUGGAUU	STREME-5	2.9e-006	ENSMUSG00000025025	15.49	fp	0
5-UCAUGGAUU	STREME-5	2.9e-006	ENSMUSG00000029209	15.49	fp	0
5-UCAUGGAUU	STREME-5	2.9e-006	ENSMUSG00000060780	15.49	fp	0
5-UCAUGGAUU	STREME-5	2.9e-006	ENSMUSG00000021113	15.49	fp	0
